lead_id,created_date,first_name,last_name,email,title,persona,company,account_id,segment,region,employees,total_assets_usd_b,lead_source,partner,product_interest,is_existing_customer,intent_signals,status,mql_date,sal_date,mql_to_sal_hours,sql_date,converted_date,opportunity_id,disqualify_reason,owner
L-5000,2026-05-01,Avery,Hollis,avery.hollis@redwoodbanktrust.example,Head of Fraud Prevention,head_of_fraud,Redwood Bank & Trust,ACC-1293,bank_regional,NA,14916,207.6,Partner Referral,Fiserv,check,True,,Disqualified,2026-05-01,2026-05-03,50,,,,Competitor,SDR - Fran Moretti
L-5001,2026-02-13,Jordan,Fairbanks,jordan.fairbanks@falconbet.example,"Director, Trust & Safety",trust_and_safety,Falcon Bet,ACC-1163,igaming,NA,1011,,Event,,identity,False,,Disqualified,2026-02-16,2026-02-16,2,,,,Duplicate,SDR - Alex Rivera
L-5002,2026-01-09,Jamie,Orwell,jamie.orwell@prairiefirsthub.example,"VP Product, Onboarding",fintech_product,Prairie First Hub,ACC-1283,marketplace,APAC,315,,Event,,identity,False,check_fraud_content_download@2026-01-28,Disqualified,,,,,,,Competitor,Marketing Queue
L-5003,2026-08-02,Avery,Kestrel,averykestrel@gmail.example,CISO,ciso_identity,Silverline Mutual,ACC-1077,adjacent_regulated,NA,25947,,Qualified Chat,,identity,False,qualified_chat_engaged@2026-08-22,Disqualified,,,,,,,Not ICP,Marketing Queue
L-5004,2026-02-04,Hayden,Lowry,hayden.lowry@unionsquarelend.example,CISO,ciso_identity,Union Square Lend,ACC-1214,fintech,EMEA,2576,,Webinar,,identity,False,qualified_chat_engaged@2026-02-05|deepfake_webinar_attended@2026-02-20,Converted,2026-02-05,2026-02-05,20,2026-02-16,2026-02-21,OPP-7000,,SDR - Chen Wu
L-5005,2026-07-25,Morgan,Garrow,morgan.garrow@falconsavingsbank.example,Chief Risk Officer,risk_compliance,Falcon Savings Bank,ACC-1133,bank_community,NA,195,7.0,Event,,check,False,check_fraud_content_download@2026-08-01,Disqualified,2026-07-26,2026-07-27,30,,,,Not ICP,SDR - Dana Lopes
L-5006,2026-05-20,Jordan,Garrow,jordan.garrow@copperstatehealth.example,BSA/AML Officer,risk_compliance,Copper State Health,ACC-1157,adjacent_regulated,NA,15698,,Demo Request,,identity,False,demo_request@2026-06-08,Recycled,2026-05-21,2026-05-21,8,,,,,SDR - Bri Okafor
L-5007,2026-08-24,Casey,Dunmore,caseydunmore@gmail.example,"Head of Product, Identity",fintech_product,Lakeshore Hub,ACC-1015,marketplace,NA,3808,,Partner Referral,FICO Marketplace,identity,True,competitor_renewal_window@2026-08-27,Recycled,,,,,,,,Marketing Queue
L-5008,2026-05-17,Emerson,Ellery,emerson.ellery@highlandwallet.example,"VP Product, Onboarding",fintech_product,Highland Wallet,ACC-1351,fintech,NA,2340,,Demo Request,,identity,True,demo_request@2026-05-23,Recycled,,,,,,,,Marketing Queue
L-5009,2026-08-14,Quinn,Lowry,quinn.lowry@crescentsportsbook.example,"Group PM, Account Opening",fintech_product,Crescent Sportsbook,ACC-1086,igaming,APAC,3701,,Outbound - Clay,,identity,False,fraud_team_hiring@2026-08-27,Working,2026-08-15,2026-08-15,1,,,,,SDR - Chen Wu
L-5010,2026-09-07,Hayden,Garrow,hayden.garrow@tidewaterbank.example,Fraud Analyst,fraud_analyst,Tidewater Bank,ACC-1255,bank_regional,EMEA,18405,214.3,Qualified Chat,,check,True,qualified_chat_engaged@2026-09-11,New,,,,,,,,Marketing Queue
L-5011,2026-09-07,Rowan,Ingram,rowan.ingram@clearwaterstatebank.example,BSA/AML Officer,risk_compliance,Clearwater State Bank,ACC-1195,bank_community,NA,474,6.0,Partner Referral,Data Advisor,check,False,email_reply_positive@2026-09-17,Working,2026-09-09,2026-09-09,1,,,,,SDR - Eli Novak
L-5012,2026-02-25,Logan,Marlow,logan.marlow@copperstateneo.example,"Director, Fraud Risk",head_of_fraud,Copper State Neo,ACC-1119,fintech,NA,2908,,Content Download,,identity,False,check_fraud_content_download@2026-03-14|demo_request@2026-03-04,Recycled,,,,,,,,Marketing Queue
L-5013,2026-01-19,Jordan,Calloway,jordan.calloway@summitridgeagency.example,Student,unknown,Summit Ridge Agency,ACC-1357,other,,398,,Event,,identity,False,pricing_page_visit@2026-02-06|deepfake_webinar_attended@2026-02-03|email_reply_positive@2026-01-28|pricing_page_visit@2026-02-03,Disqualified,,,,,,,Student/Job Seeker,Marketing Queue
L-5014,2026-06-28,Sage,Lowry,sage.lowry@oakmontcommunitybank.example,"Director, Fraud Risk",head_of_fraud,Oakmont Community Bank,ACC-1412,bank_community,NA,865,9.7,Webinar,,identity,True,fraud_leader_job_change@2026-06-29|demo_request@2026-07-02|pricing_page_visit@2026-07-01,Recycled,2026-06-30,2026-06-30,6,2026-07-04,,,,SDR - Dana Lopes
L-5015,2026-04-04,Reese,Jessup,reese.jessup@granitepeakgaming.example,Head of Trust & Safety,trust_and_safety,Granite Peak Gaming,ACC-1332,igaming,NA,3757,,Partner Referral,FICO Marketplace,identity,False,deepfake_webinar_attended@2026-04-22|pricing_page_visit@2026-04-16,Disqualified,,,,,,,No Fraud/IDV Use Case,Marketing Queue
L-5016,2026-06-16,Morgan,Hollis,morgan.hollis@falconhub.example,Fraud Operations Lead,fraud_analyst,Falcon Hub,ACC-1093,marketplace,NA,2931,,Content Download,,identity,False,qualified_chat_engaged@2026-07-01|pricing_page_visit@2026-06-26,Disqualified,,,,,,,Competitor,Marketing Queue
L-5017,2026-01-10,Drew,Dunmore,drew.dunmore@copperstatememberscu.example,Senior Fraud Manager,fraud_analyst,Copper State Members CU,ACC-1171,credit_union,NA,1064,7.0,Paid Social,,identity,True,qualified_chat_engaged@2026-01-21,Disqualified,,,,,,,No Fraud/IDV Use Case,Marketing Queue
L-5018,2026-07-16,Avery,Kestrel,avery.kestrel@ironwoodgaming.example,"Group PM, Account Opening",fintech_product,Ironwood Gaming,ACC-1179,igaming,NA,2259,,Demo Request,,identity,False,demo_request@2026-07-21|competitor_renewal_window@2026-07-18|demo_request@2026-07-25,Recycled,2026-07-19,2026-07-19,3,,,,,SDR - Dana Lopes
L-5019,2026-08-13,Skyler,Garrow,skyler.garrow@northgateagency.example,Consultant,unknown,Northgate Agency,ACC-1360,other,NA,280,,Webinar,,identity,False,fraud_team_hiring@2026-08-18|demo_request@2026-08-16,Disqualified,,,,,,,Bad Data,Marketing Queue
L-5020,2026-02-23,Casey,Brooks,casey.brooks@redwoodcommunitybank.example,"VP, Fraud Strategy",head_of_fraud,Redwood Community Bank,ACC-1152,bank_community,NA,192,3.0,Qualified Chat,,identity,False,qualified_chat_engaged@2026-03-10,Disqualified,,,,,,,No Fraud/IDV Use Case,Marketing Queue
L-5021,2026-06-03,Rowan,Pruitt,rowan.pruitt@westfieldstatebank.example,Head of Fraud Prevention,head_of_fraud,Westfield State Bank,ACC-1105,bank_community,NA,284,7.8,Demo Request,,check,True,demo_request@2026-06-12,Recycled,,,,,,,,Marketing Queue
L-5022,2026-08-21,Jamie,Ingram,jamie.ingram@prairiefirstmemberscu.example,Head of Fraud Prevention,head_of_fraud,Prairie First Members CU,ACC-1189,credit_union,NA,2892,14.2,Qualified Chat,,check,True,qualified_chat_engaged@2026-08-29,SQL,2026-08-23,2026-08-25,50,2026-09-08,,,,SDR - Eli Novak
L-5023,2026-05-05,Sage,Sutter,sage.sutter@unionsquarelend.example,"Director, Identity & Access Management",ciso_identity,Union Square Lend,ACC-1214,fintech,EMEA,2576,,Outbound - Sales Nav,,identity,False,fraud_team_hiring@2026-05-06,Disqualified,,,,,,,Not ICP,Marketing Queue
L-5024,2026-04-23,Hayden,Calloway,hayden.calloway@falconbanktrust.example,SVP Digital Banking,head_of_digital_banking,Falcon Bank & Trust,ACC-1088,bank_regional,NA,9601,211.6,Content Download,,check,True,,Recycled,,,,,,,,Marketing Queue
L-5025,2026-07-27,Riley,Nash,riley.nash@keystonebancshares.example,Senior Fraud Manager,fraud_analyst,Keystone Bancshares,ACC-1044,bank_regional,APAC,18903,47.8,Partner Referral,CSI,check,False,email_reply_positive@2026-08-10|demo_request@2026-08-15|email_reply_positive@2026-08-09,Recycled,,,,,,,,Marketing Queue
L-5026,2026-06-30,Kendall,Pruitt,kendall.pruitt@clearwaterlabs.example,IT Procurement Lead,procurement_it,Clearwater Labs,ACC-1444,other,EMEA,351,,Outbound - Clay,,identity,False,competitor_renewal_window@2026-07-18,Disqualified,,,,,,,Bad Data,Marketing Queue
L-5027,2026-06-23,Parker,Ingram,parker.ingram@evergreenneo.example,"Director, Identity & Access Management",ciso_identity,Evergreen Neo,ACC-1019,fintech,NA,2296,,Content Download,,identity,False,,Recycled,,,,,,,,Marketing Queue
L-5028,2026-05-01,Drew,Nash,drew.nash@prairiefirstpay.example,"Group PM, Account Opening",fintech_product,Prairie First Pay,ACC-1439,fintech,NA,510,,Webinar,,identity,False,competitor_renewal_window@2026-05-11,Disqualified,,,,,,,No Fraud/IDV Use Case,Marketing Queue
L-5029,2026-02-02,Sage,Marlow,sage.marlow@clearwaterlabs.example,Marketing Coordinator,unknown,Clearwater Labs,ACC-1444,other,EMEA,351,,Partner Referral,Abrigo,identity,False,,Recycled,,,,,,,,Marketing Queue
L-5030,2026-08-26,Riley,Alder,riley.alder@silverlinebank.example,"Director, Fraud Risk",head_of_fraud,Silverline Bank,ACC-1127,bank_regional,LATAM,5381,143.9,Qualified Chat,,identity,True,qualified_chat_engaged@2026-09-03|fraud_leader_job_change@2026-09-09|email_reply_positive@2026-09-07,SQL,2026-08-29,2026-08-31,50,2026-09-04,,,,SDR - Alex Rivera
L-5031,2026-07-21,Jamie,Garrow,jamie.garrow@lakeshorememberscu.example,SVP Digital Banking,head_of_digital_banking,Lakeshore Members CU,ACC-1145,credit_union,,1521,9.4,Qualified Chat,,check,False,qualified_chat_engaged@2026-07-28,Disqualified,,,,,,,Competitor,Marketing Queue
L-5032,2026-01-09,Drew,Nash,drew.nash@highlandagency.example,Office Manager,unknown,Highland Agency,ACC-1331,other,NA,320,,Content Download,,identity,False,check_fraud_content_download@2026-01-29,Disqualified,,,,,,,Not ICP,Marketing Queue
L-5033,2026-01-08,Morgan,Kestrel,morgan.kestrel@stonebridgelabs.example,Student,unknown,Stonebridge Labs,ACC-1299,other,NA,324,,Partner Referral,CSI,identity,False,check_fraud_content_download@2026-01-17|qualified_chat_engaged@2026-01-23,Disqualified,,,,,,,Competitor,Marketing Queue
L-5034,2026-02-03,Drew,Nash,drew.nash@granitepeakhub.example,Head of Trust & Safety,trust_and_safety,Granite Peak Hub,ACC-1264,marketplace,NA,751,,Outbound - Clay,,identity,False,pricing_page_visit@2026-02-03|competitor_renewal_window@2026-02-12,Disqualified,,,,,,,Not ICP,Marketing Queue
L-5035,2026-07-07,Drew,Rourke,drew.rourke@highlandwallet.example,"Director, Identity & Access Management",ciso_identity,Highland Wallet,ACC-1351,fintech,NA,2340,,Partner Referral,CSI,identity,True,email_reply_positive@2026-07-12|check_fraud_content_download@2026-07-10|competitor_renewal_window@2026-07-11,Recycled,,,,,,,,Marketing Queue
L-5036,2026-08-08,Riley,Pruitt,riley.pruitt@keystonewallet.example,"Director, KYC Operations",risk_compliance,Keystone Wallet,ACC-1114,fintech,NA,898,,Event,,identity,False,check_fraud_content_download@2026-08-22,Disqualified,,,,,,,No Fraud/IDV Use Case,Marketing Queue
L-5037,2026-07-19,Taylor,Kestrel,taylor.kestrel@crescentmarket.example,Fraud Operations Lead,fraud_analyst,Crescent Market,ACC-1061,marketplace,NA,4636,,Partner Referral,CSI,identity,False,pricing_page_visit@2026-07-23,Recycled,,,,,,,,Marketing Queue
L-5038,2026-09-11,Emerson,Ingram,emerson.ingram@lakeshorefederalcreditunion.example,Head of Deposit Products,head_of_digital_banking,Lakeshore Federal Credit Union,ACC-1092,credit_union,NA,1635,13.6,Event,,check,False,pricing_page_visit@2026-09-21|demo_request@2026-09-11,Working,2026-09-11,2026-09-11,3,,,,,SDR - Dana Lopes
L-5039,2026-01-07,Skyler,Quill,skyler.quill@crescentrentals.example,"Head of Product, Identity",fintech_product,Crescent Rentals,ACC-1244,marketplace,NA,4823,,Qualified Chat,,identity,False,qualified_chat_engaged@2026-01-07,Recycled,,,,,,,,Marketing Queue
L-5040,2026-02-26,Morgan,Brooks,morgan.brooks@oakmontconsulting.example,Student,unknown,Oakmont Consulting,ACC-1159,other,EMEA,230,,Outbound - Clay,,identity,False,check_fraud_content_download@2026-03-03,Recycled,,,,,,,,Marketing Queue
L-5041,2026-07-07,Rowan,Alder,rowan.alder@summitridgeplay.example,"Director, Trust & Safety",trust_and_safety,Summit Ridge Play,ACC-1175,igaming,EMEA,3748,,Content Download,,identity,False,,Recycled,2026-07-07,2026-07-09,50,2026-07-16,,,,SDR - Fran Moretti
L-5042,2026-01-29,Emerson,Marlow,emerson.marlow@redwoodpay.example,"VP Product, Onboarding",fintech_product,Redwood Pay,ACC-1130,fintech,APAC,881,,Demo Request,,identity,False,demo_request@2026-01-30|qualified_chat_engaged@2026-02-11,Recycled,,,,,,,,Marketing Queue
L-5043,2026-02-25,Kendall,Dunmore,kendall.dunmore@stonebridgememberscu.example,Senior Fraud Manager,fraud_analyst,Stonebridge Members CU,ACC-1154,credit_union,NA,2743,7.4,Partner Referral,CSI,identity,True,pricing_page_visit@2026-03-10|qualified_chat_engaged@2026-03-13,Recycled,2026-02-26,2026-02-26,6,,,,,SDR - Chen Wu
L-5044,2026-09-16,Avery,Calloway,avery.calloway@sterlingpay.example,"VP Product, Onboarding",fintech_product,Sterling Pay,ACC-1082,fintech,NA,2609,,Content Download,,identity,False,competitor_renewal_window@2026-09-26|deepfake_webinar_attended@2026-09-16,New,,,,,,,,Marketing Queue
L-5045,2026-02-12,Riley,Fairbanks,riley.fairbanks@riverbendfinancialgroup.example,Fraud Analyst,fraud_analyst,Riverbend Financial Group,ACC-1399,bank_tier1,NA,113273,1770.9,Demo Request,,identity,True,demo_request@2026-02-26|check_fraud_content_download@2026-02-20|competitor_renewal_window@2026-02-13,Recycled,,,,,,,,Marketing Queue
L-5046,2026-01-09,Kendall,Ingram,kendall.ingram@unionsquareinsurance.example,"Director, Identity & Access Management",ciso_identity,Union Square Insurance,ACC-1435,adjacent_regulated,NA,9206,,Webinar,,identity,False,pricing_page_visit@2026-01-19|fraud_leader_job_change@2026-01-23,Recycled,,,,,,,,Marketing Queue
L-5047,2026-09-06,Quinn,Dunmore,quinn.dunmore@falconmarket.example,"VP Product, Onboarding",fintech_product,Falcon Market,ACC-1139,marketplace,LATAM,2257,,Outbound - Clay,,identity,False,pricing_page_visit@2026-09-09|pricing_page_visit@2026-09-07,New,,,,,,,,Marketing Queue
L-5048,2026-07-07,Jordan,Calloway,jordan.calloway@bayfrontfederalcreditunion.example,Fraud Operations Lead,fraud_analyst,Bayfront Federal Credit Union,ACC-1312,credit_union,NA,225,6.1,Qualified Chat,,check,False,qualified_chat_engaged@2026-07-22|competitor_renewal_window@2026-07-10|fraud_team_hiring@2026-07-21,Disqualified,,,,,,,No Fraud/IDV Use Case,Marketing Queue
L-5049,2026-02-22,Rowan,Ellery,rowan.ellery@pinecrestbancshares.example,IT Procurement Lead,procurement_it,Pinecrest Bancshares,ACC-1358,bank_regional,NA,15274,99.9,Outbound - Clay,,check,False,deepfake_webinar_attended@2026-03-09|fraud_leader_job_change@2026-03-14,Disqualified,2026-02-23,2026-02-25,50,,,,Duplicate,SDR - Chen Wu
L-5050,2026-05-27,Rowan,Marlow,rowan.marlow@prairiefirstcreditunion.example,BSA/AML Officer,risk_compliance,Prairie First Credit Union,ACC-1123,credit_union,NA,1278,0.4,Qualified Chat,,identity,False,qualified_chat_engaged@2026-06-16,Recycled,,,,,,,,Marketing Queue
L-5051,2026-09-16,Blake,Rourke,blakerourke@gmail.example,"Director, Fraud Risk",head_of_fraud,Keystone Bank & Trust,ACC-1161,bank_regional,NA,14524,166.0,Qualified Chat,,identity,False,qualified_chat_engaged@2026-09-17,New,,,,,,,,Marketing Queue
L-5052,2026-06-28,Emerson,Dunmore,emerson.dunmore@unionsquaresportsbook.example,Head of Trust & Safety,trust_and_safety,Union Square Sportsbook,ACC-1343,igaming,NA,3151,,Event,,identity,False,deepfake_webinar_attended@2026-07-12|fraud_leader_job_change@2026-07-15|competitor_renewal_window@2026-07-09,Disqualified,2026-06-30,2026-06-30,6,,,,Bad Data,SDR - Dana Lopes
L-5053,2026-08-02,Riley,Marlow,riley.marlow@lakeshoreagency.example,IT Procurement Lead,procurement_it,Lakeshore Agency,ACC-1071,other,NA,228,,Demo Request,,identity,False,demo_request@2026-08-08,Disqualified,,,,,,,Student/Job Seeker,Marketing Queue
L-5054,2026-03-09,Parker,Alder,parker.alder@silverlinelabs.example,Vendor Risk Manager,procurement_it,Silverline Labs,ACC-1023,other,NA,395,,Outbound - Sales Nav,,identity,False,email_reply_positive@2026-03-13,Recycled,,,,,,,,Marketing Queue
L-5055,2026-04-03,Kendall,Thorne,kendall.thorne@mapleleafbanktrust.example,IT Procurement Lead,procurement_it,Maple Leaf Bank & Trust,ACC-1354,bank_regional,EMEA,16358,41.7,Webinar,,identity,True,,Disqualified,,,,,,,Competitor,Marketing Queue
L-5056,2026-06-04,Blake,Garrow,blake.garrow@meridiancreditunion.example,BSA/AML Officer,risk_compliance,Meridian Credit Union,ACC-1203,credit_union,NA,1359,9.2,Outbound - Sales Nav,,identity,True,pricing_page_visit@2026-06-17|email_reply_positive@2026-06-13|email_reply_positive@2026-06-14,Recycled,2026-06-05,2026-06-05,3,2026-06-18,,,,SDR - Eli Novak
L-5057,2026-08-06,Casey,Brooks,casey.brooks@silverlinestudio.example,Enterprise Architect,procurement_it,Silverline Studio,ACC-1245,other,NA,367,,Partner Referral,CSI,identity,False,fraud_team_hiring@2026-08-06|email_reply_positive@2026-08-09|demo_request@2026-08-18,Recycled,2026-08-08,2026-08-08,6,2026-08-10,,,,SDR - Alex Rivera
L-5058,2026-02-26,Reese,Brooks,reese.brooks@bayfrontexchange.example,"VP Product, Onboarding",fintech_product,Bayfront Exchange,ACC-1183,marketplace,NA,3282,,Partner Referral,Abrigo,identity,True,email_reply_positive@2026-03-10|deepfake_webinar_attended@2026-03-14,Disqualified,,,,,,,No Fraud/IDV Use Case,Marketing Queue
L-5059,2026-04-18,Reese,Orwell,reese.orwell@unionsquarepay.example,Chief Risk Officer,risk_compliance,Union Square Pay,ACC-1006,fintech,EMEA,2226,,Outbound - Sales Nav,,identity,True,fraud_leader_job_change@2026-05-06|email_reply_positive@2026-05-07|deepfake_webinar_attended@2026-04-24,Converted,2026-04-19,2026-04-21,50,2026-04-23,2026-04-27,OPP-7001,,SDR - Eli Novak
L-5060,2026-01-07,Casey,Kestrel,casey.kestrel@summitridgewallet.example,"Director, KYC Operations",risk_compliance,Summit Ridge Wallet,ACC-1433,fintech,APAC,2014,,Event,,identity,True,pricing_page_visit@2026-01-08,Disqualified,,,,,,,No Fraud/IDV Use Case,Marketing Queue
L-5061,2026-02-11,Morgan,Quill,morgan.quill@unionsquarememberscu.example,"Director, KYC Operations",risk_compliance,Union Square Members CU,ACC-1281,credit_union,NA,2822,2.6,Event,,identity,True,pricing_page_visit@2026-02-27,Disqualified,2026-02-12,2026-02-12,4,,,,Student/Job Seeker,SDR - Eli Novak
L-5062,2026-01-09,Skyler,Marlow,skyler.marlow@cedarvalleyexchange.example,Fraud Operations Lead,fraud_analyst,Cedar Valley Exchange,ACC-1243,marketplace,NA,3216,,Demo Request,,identity,False,demo_request@2026-01-16|deepfake_webinar_attended@2026-01-10,Recycled,,,,,,,,Marketing Queue
L-5063,2026-09-25,Taylor,Kestrel,taylor.kestrel@pinecrestmemberscu.example,"Director, KYC Operations",risk_compliance,Pinecrest Members CU,ACC-1420,credit_union,NA,221,8.5,Partner Referral,Data Advisor,check,False,check_fraud_content_download@2026-10-01,New,,,,,,,,Marketing Queue
L-5064,2026-02-07,Blake,Nash,blake.nash@copperstaterentals.example,Senior Fraud Manager,fraud_analyst,Copper State Rentals,ACC-1003,marketplace,NA,2328,,Content Download,,identity,False,deepfake_webinar_attended@2026-02-20|qualified_chat_engaged@2026-02-13,Recycled,,,,,,,,Marketing Queue
L-5065,2026-02-11,Morgan,Sutter,morgan.sutter@evergreenneo.example,"VP Product, Onboarding",fintech_product,Evergreen Neo,ACC-1019,fintech,NA,2296,,Qualified Chat,,identity,False,qualified_chat_engaged@2026-02-28,Recycled,2026-02-14,2026-02-14,20,,,,,SDR - Eli Novak
L-5066,2026-02-06,Reese,Jessup,reese.jessup@copperstaterentals.example,Fraud Analyst,fraud_analyst,Copper State Rentals,ACC-1003,marketplace,NA,2328,,Qualified Chat,,identity,False,qualified_chat_engaged@2026-02-17|email_reply_positive@2026-02-09,Recycled,,,,,,,,Marketing Queue
L-5067,2026-04-27,Cameron,Alder,cameron.alder@copperstatesavingsbank.example,"Director, Fraud Risk",head_of_fraud,Copper State Savings Bank,ACC-1242,bank_community,NA,1440,6.1,Webinar,,check,False,email_reply_positive@2026-05-06|pricing_page_visit@2026-05-06,Recycled,2026-04-30,2026-05-02,50,,,,,SDR - Fran Moretti
L-5068,2026-04-23,Drew,Garrow,drew.garrow@mapleleafcreditunion.example,"Director, KYC Operations",risk_compliance,Maple Leaf Credit Union,ACC-1371,credit_union,NA,1630,3.8,Outbound - Clay,,check,True,email_reply_positive@2026-04-27|pricing_page_visit@2026-04-28|deepfake_webinar_attended@2026-05-12,Disqualified,,,,,,,Competitor,Marketing Queue
L-5069,2026-02-08,Logan,Pruitt,logan.pruitt@copperstatemoney.example,Chief Risk Officer,risk_compliance,Copper State Money,ACC-1037,fintech,NA,1053,,Paid Social,,identity,False,,Recycled,,,,,,,,Marketing Queue
L-5070,2026-09-10,Casey,Sutter,casey.sutter@riverbendsavingsbank.example,"Director, KYC Operations",risk_compliance,Riverbend Savings Bank,ACC-1099,bank_community,NA,720,2.4,Outbound - Sales Nav,,identity,True,check_fraud_content_download@2026-09-28,Working,2026-09-12,2026-09-12,4,,,,,SDR - Dana Lopes
L-5071,2026-03-14,Riley,Fairbanks,riley.fairbanks@pinecrestsavingsbank.example,BSA/AML Officer,risk_compliance,Pinecrest Savings Bank,ACC-1141,bank_community,NA,236,4.9,Event,,identity,True,competitor_renewal_window@2026-03-28|fraud_leader_job_change@2026-03-23|competitor_renewal_window@2026-03-31,Recycled,,,,,,,,Marketing Queue
L-5072,2026-02-13,Taylor,Brooks,taylor.brooks@redwoodconsulting.example,Enterprise Architect,procurement_it,Redwood Consulting,ACC-1375,other,EMEA,391,,Demo Request,,identity,False,demo_request@2026-03-05|demo_request@2026-03-03|fraud_team_hiring@2026-03-03,Disqualified,,,,,,,No Fraud/IDV Use Case,Marketing Queue
L-5073,2026-03-14,Cameron,Quill,cameronquill@gmail.example,Student,unknown,Redwood Consulting,ACC-1375,other,EMEA,391,,Outbound - Sales Nav,,identity,False,qualified_chat_engaged@2026-03-26,Disqualified,,,,,,,Competitor,Marketing Queue
L-5074,2026-09-09,Parker,Hollis,parker.hollis@lakeshorecreditunion.example,Head of Fraud Prevention,head_of_fraud,Lakeshore Credit Union,ACC-1091,credit_union,NA,1739,6.2,Event,,check,False,,New,,,,,,,,Marketing Queue
L-5075,2026-08-25,Sage,Ingram,sage.ingram@prairiefirstbank.example,Fraud Analyst,fraud_analyst,Prairie First Bank,ACC-1198,bank_regional,NA,2017,51.8,Qualified Chat,,check,True,qualified_chat_engaged@2026-08-28,Working,2026-08-28,2026-08-28,8,,,,,SDR - Eli Novak
L-5076,2026-04-29,Parker,Thorne,parkerthorne@gmail.example,CISO,ciso_identity,Westfield Money,ACC-1128,fintech,EMEA,1588,,Partner Referral,Data Advisor,identity,False,fraud_leader_job_change@2026-05-14,Disqualified,2026-04-30,2026-04-30,2,,,,Competitor,SDR - Chen Wu
L-5077,2026-05-02,Quinn,Nash,quinnnash@gmail.example,Head of Fraud Prevention,head_of_fraud,Summit Ridge Bank & Trust,ACC-1308,bank_regional,APAC,15201,69.6,Outbound - Clay,,check,False,qualified_chat_engaged@2026-05-17|competitor_renewal_window@2026-05-17|deepfake_webinar_attended@2026-05-20,Recycled,2026-05-02,2026-05-02,3,2026-05-08,,,,SDR - Eli Novak
L-5078,2026-05-30,Quinn,Hollis,quinn.hollis@cedarvalleybanktrust.example,"Director, Fraud Risk",head_of_fraud,Cedar Valley Bank & Trust,ACC-1288,bank_regional,NA,16085,249.3,Demo Request,,check,False,demo_request@2026-06-14,Recycled,,,,,,,,Marketing Queue
L-5079,2026-02-09,Avery,Garrow,avery.garrow@summitridgeplay.example,"Director, Trust & Safety",trust_and_safety,Summit Ridge Play,ACC-1175,igaming,EMEA,3748,,Content Download,,identity,False,pricing_page_visit@2026-02-12,Disqualified,,,,,,,Competitor,Marketing Queue
L-5080,2026-09-19,Blake,Alder,blake.alder@clearwaterneo.example,"Head of Product, Identity",fintech_product,Clearwater Neo,ACC-1314,fintech,NA,516,,Demo Request,,identity,True,demo_request@2026-10-01,New,,,,,,,,Marketing Queue
L-5081,2026-08-12,Parker,Hollis,parker.hollis@summitridgehub.example,Head of Trust & Safety,trust_and_safety,Summit Ridge Hub,ACC-1447,marketplace,,1968,,Content Download,,identity,False,competitor_renewal_window@2026-08-24|fraud_leader_job_change@2026-08-30|qualified_chat_engaged@2026-08-25|pricing_page_visit@2026-08-20,Recycled,2026-08-15,2026-08-15,6,2026-08-28,,,,SDR - Eli Novak
L-5082,2026-04-20,Hayden,Sutter,hayden.sutter@copperstaterentals.example,"Group PM, Account Opening",fintech_product,Copper State Rentals,ACC-1003,marketplace,NA,2328,,Event,,identity,False,qualified_chat_engaged@2026-04-24,Disqualified,2026-04-22,2026-04-22,6,,,,Duplicate,SDR - Eli Novak
L-5083,2026-07-13,Cameron,Marlow,cameron.marlow@redwoodmarket.example,Head of Trust & Safety,trust_and_safety,Redwood Market,ACC-1247,marketplace,NA,3518,,Partner Referral,FICO Marketplace,identity,False,check_fraud_content_download@2026-07-31,Disqualified,,,,,,,No Fraud/IDV Use Case,Marketing Queue
L-5084,2026-09-22,Rowan,Alder,rowan.alder@meridianconsulting.example,Marketing Coordinator,unknown,Meridian Consulting,ACC-1051,other,EMEA,194,,Outbound - Clay,,identity,False,email_reply_positive@2026-10-01|demo_request@2026-09-27,Disqualified,,,,,,,Bad Data,Marketing Queue
L-5085,2026-07-13,Kendall,Brooks,kendall.brooks@pinecrestgaming.example,"Director, KYC Operations",risk_compliance,Pinecrest Gaming,ACC-1134,igaming,NA,2280,,Demo Request,,identity,False,demo_request@2026-07-25|email_reply_positive@2026-07-22,Recycled,,,,,,,,Marketing Queue
L-5086,2026-05-31,Kendall,Quill,kendall.quill@westfieldinsurance.example,Vendor Risk Manager,procurement_it,Westfield Insurance,ACC-1411,adjacent_regulated,NA,19966,,Content Download,,identity,False,,Recycled,,,,,,,,Marketing Queue
L-5087,2026-05-26,Logan,Garrow,logan.garrow@oakmontpay.example,"Head of Product, Identity",fintech_product,Oakmont Pay,ACC-1080,fintech,EMEA,992,,Outbound - Clay,,identity,False,fraud_team_hiring@2026-06-07,Recycled,2026-05-26,2026-05-28,50,2026-06-12,,,,SDR - Chen Wu
L-5088,2026-08-25,Riley,Rourke,riley.rourke@riverbendstatebank.example,"Director, Fraud Risk",head_of_fraud,Riverbend State Bank,ACC-1115,bank_community,NA,1486,8.8,Outbound - Clay,,check,False,check_fraud_content_download@2026-08-30|fraud_team_hiring@2026-09-10,Disqualified,,,,,,,Competitor,Marketing Queue
L-5089,2026-07-17,Avery,Pruitt,avery.pruitt@westfieldmoney.example,"Director, Identity & Access Management",ciso_identity,Westfield Money,ACC-1128,fintech,EMEA,1588,,Outbound - Sales Nav,,identity,False,fraud_leader_job_change@2026-07-31|competitor_renewal_window@2026-08-04,Disqualified,,,,,,,Competitor,Marketing Queue
L-5090,2026-09-26,Rowan,Kestrel,rowan.kestrel@crescentfederalcreditunion.example,Chief Risk Officer,risk_compliance,Crescent Federal Credit Union,ACC-1211,credit_union,NA,2993,1.0,Partner Referral,Fiserv,identity,True,check_fraud_content_download@2026-10-01|check_fraud_content_download@2026-09-28,Working,2026-09-27,2026-09-27,6,,,,,SDR - Dana Lopes
L-5091,2026-05-05,Riley,Dunmore,riley.dunmore@sterlingwallet.example,Head of Fraud Prevention,head_of_fraud,Sterling Wallet,ACC-1377,fintech,NA,2215,,Content Download,,identity,False,deepfake_webinar_attended@2026-05-12|deepfake_webinar_attended@2026-05-12|fraud_leader_job_change@2026-05-09,Disqualified,,,,,,,Competitor,Marketing Queue
L-5092,2026-06-15,Jamie,Sutter,jamie.sutter@northgateplay.example,"VP Product, Onboarding",fintech_product,Northgate Play,ACC-1190,igaming,NA,3464,,Outbound - Sales Nav,,identity,False,check_fraud_content_download@2026-06-30|pricing_page_visit@2026-07-01|check_fraud_content_download@2026-06-27,Recycled,2026-06-15,2026-06-17,50,2026-07-02,,,,SDR - Fran Moretti
L-5093,2026-06-15,Logan,Dunmore,logan.dunmore@tidewatercreditunion.example,Fraud Analyst,fraud_analyst,Tidewater Credit Union,ACC-1265,credit_union,NA,1639,13.1,Qualified Chat,,identity,True,qualified_chat_engaged@2026-06-27,Converted,2026-06-17,2026-06-17,4,2026-06-28,2026-06-29,OPP-7002,,SDR - Dana Lopes
L-5094,2026-07-10,Casey,Sutter,casey.sutter@pinecrestbancshares.example,Chief Risk Officer,risk_compliance,Pinecrest Bancshares,ACC-1358,bank_regional,NA,15274,99.9,Outbound - Clay,,identity,False,pricing_page_visit@2026-07-28,Recycled,,,,,,,,Marketing Queue
L-5095,2026-03-22,Skyler,Pruitt,skyler.pruitt@redwoodmutual.example,Vendor Risk Manager,procurement_it,Redwood Mutual,ACC-1074,adjacent_regulated,NA,22052,,Outbound - Sales Nav,,identity,False,pricing_page_visit@2026-04-04|competitor_renewal_window@2026-03-26|email_reply_positive@2026-04-08,Recycled,,,,,,,,Marketing Queue
L-5096,2026-09-05,Cameron,Lowry,cameron.lowry@clearwaterlend.example,"Director, KYC Operations",risk_compliance,Clearwater Lend,ACC-1110,fintech,NA,1513,,Demo Request,,identity,False,demo_request@2026-09-13,SQL,2026-09-05,2026-09-05,20,2026-09-20,,,,SDR - Eli Novak
L-5097,2026-04-04,Emerson,Calloway,emerson.calloway@granitepeakgaming.example,"Head of Product, Identity",fintech_product,Granite Peak Gaming,ACC-1332,igaming,NA,3757,,Paid Social,,identity,False,email_reply_positive@2026-04-19,Recycled,,,,,,,,Marketing Queue
L-5098,2026-07-31,Skyler,Kestrel,skyler.kestrel@harborviewexchange.example,Senior Fraud Manager,fraud_analyst,Harborview Exchange,ACC-1215,marketplace,NA,2288,,Demo Request,,identity,False,demo_request@2026-08-07,Recycled,,,,,,,,Marketing Queue
L-5099,2026-08-04,Avery,Ellery,avery.ellery@redwoodwallet.example,"Director, Identity & Access Management",ciso_identity,Redwood Wallet,ACC-1382,fintech,NA,2980,,Webinar,,identity,False,,Disqualified,,,,,,,Not ICP,Marketing Queue
L-5100,2026-02-06,Sage,Calloway,sage.calloway@evergreenstatebank.example,"Director, Digital Channels",head_of_digital_banking,Evergreen State Bank,ACC-1052,bank_community,NA,1490,3.2,Outbound - Sales Nav,,check,False,demo_request@2026-02-18,Disqualified,,,,,,,No Fraud/IDV Use Case,Marketing Queue
L-5101,2026-03-10,Jordan,Lowry,jordan.lowry@lakeshorememberscu.example,Fraud Analyst,fraud_analyst,Lakeshore Members CU,ACC-1145,credit_union,NA,1521,9.4,Webinar,,identity,False,pricing_page_visit@2026-03-10,Disqualified,,,,,,,No Fraud/IDV Use Case,Marketing Queue
L-5102,2026-04-05,Cameron,Pruitt,cameron.pruitt@summitridgeagency.example,Vendor Risk Manager,procurement_it,Summit Ridge Agency,ACC-1357,other,NA,398,,Outbound - Sales Nav,,identity,False,fraud_team_hiring@2026-04-21|email_reply_positive@2026-04-14,Disqualified,,,,,,,Student/Job Seeker,Marketing Queue
L-5103,2026-01-05,Avery,Pruitt,avery.pruitt@prairiefirstwallet.example,"VP Product, Onboarding",fintech_product,Prairie First Wallet,ACC-1155,fintech,NA,2255,,Partner Referral,Abrigo,identity,False,competitor_renewal_window@2026-01-22,Recycled,2026-01-08,2026-01-08,6,,,,,SDR - Dana Lopes
L-5104,2026-07-26,Rowan,Marlow,rowan.marlow@lakeshoreexchange.example,"Group PM, Account Opening",fintech_product,Lakeshore Exchange,ACC-1287,marketplace,NA,4073,,Content Download,,identity,False,,Recycled,,,,,,,,Marketing Queue
L-5105,2026-05-24,Morgan,Fairbanks,morgan.fairbanks@keystonerentals.example,Senior Fraud Manager,fraud_analyst,Keystone Rentals,ACC-1413,marketplace,NA,2346,,Paid Social,,identity,False,email_reply_positive@2026-06-01|fraud_team_hiring@2026-05-30,Recycled,,,,,,,,Marketing Queue
L-5106,2026-01-14,Blake,Alder,blake.alder@crescentmemberscu.example,BSA/AML Officer,risk_compliance,Crescent Members CU,ACC-1096,credit_union,NA,1696,10.9,Webinar,,identity,False,,Converted,2026-01-17,2026-01-17,1,2026-01-21,2026-01-22,OPP-7003,,SDR - Dana Lopes
L-5107,2026-01-21,Casey,Brooks,casey.brooks@northgateplay.example,"Director, Trust & Safety",trust_and_safety,Northgate Play,ACC-1190,igaming,NA,3464,,Event,,identity,False,,Recycled,,,,,,,,Marketing Queue
L-5108,2026-01-11,Sage,Garrow,sage.garrow@tidewaterpay.example,VP Information Security,ciso_identity,Tidewater Pay,ACC-1418,fintech,EMEA,1502,,Demo Request,,identity,False,demo_request@2026-01-23|competitor_renewal_window@2026-01-18|demo_request@2026-01-17|competitor_renewal_window@2026-01-14,Recycled,2026-01-13,2026-01-13,3,,,,,SDR - Eli Novak
L-5109,2026-09-08,Jordan,Garrow,jordan.garrow@westfieldmemberscu.example,Chief Risk Officer,risk_compliance,Westfield Members CU,ACC-1062,credit_union,NA,673,13.9,Paid Social,,identity,True,,Working,2026-09-09,2026-09-09,6,,,,,SDR - Alex Rivera
L-5110,2026-03-25,Kendall,Kestrel,kendall.kestrel@silverlinefederalcreditunion.example,Senior Fraud Manager,fraud_analyst,Silverline Federal Credit Union,ACC-1021,credit_union,NA,687,6.9,Event,,check,False,deepfake_webinar_attended@2026-03-30|competitor_renewal_window@2026-03-27,Recycled,2026-03-26,2026-03-28,50,,,,,SDR - Eli Novak
L-5111,2026-08-17,Rowan,Lowry,rowan.lowry@northgatecreditunion.example,"Director, KYC Operations",risk_compliance,Northgate Credit Union,ACC-1403,credit_union,NA,807,6.6,Content Download,,check,False,,Recycled,,,,,,,,Marketing Queue
L-5112,2026-04-10,Kendall,Rourke,kendall.rourke@northgategaming.example,Chief Risk Officer,risk_compliance,Northgate Gaming,ACC-1250,igaming,NA,2887,,Partner Referral,CSI,identity,False,competitor_renewal_window@2026-04-18,Disqualified,,,,,,,Competitor,Marketing Queue
L-5113,2026-09-21,Jamie,Kestrel,jamie.kestrel@northgatebet.example,"Group PM, Account Opening",fintech_product,Northgate Bet,ACC-1397,igaming,NA,1466,,Outbound - Clay,,identity,True,demo_request@2026-10-01|fraud_leader_job_change@2026-10-01,New,,,,,,,,Marketing Queue
L-5114,2026-03-24,Riley,Quill,riley.quill@copperstateplay.example,Head of Trust & Safety,trust_and_safety,Copper State Play,ACC-1349,igaming,EMEA,3334,,Paid Social,,identity,False,fraud_leader_job_change@2026-03-27,Recycled,,,,,,,,Marketing Queue
L-5115,2026-02-24,Logan,Ingram,logan.ingram@lakeshorefinancialgroup.example,VP Information Security,ciso_identity,Lakeshore Financial Group,ACC-1248,bank_tier1,APAC,147473,778.0,Qualified Chat,,check,False,qualified_chat_engaged@2026-03-11|email_reply_positive@2026-03-15,Recycled,2026-02-25,2026-02-26,30,,,,,SDR - Alex Rivera
L-5116,2026-07-12,Taylor,Quill,taylor.quill@evergreenwallet.example,VP Information Security,ciso_identity,Evergreen Wallet,ACC-1184,fintech,NA,2783,,Qualified Chat,,identity,False,qualified_chat_engaged@2026-07-28|demo_request@2026-07-14|check_fraud_content_download@2026-07-14,Converted,2026-07-13,2026-07-13,4,2026-07-18,2026-07-19,OPP-7004,,SDR - Dana Lopes
L-5117,2026-07-07,Blake,Marlow,blake.marlow@redwoodwallet.example,"Group PM, Account Opening",fintech_product,Redwood Wallet,ACC-1382,fintech,NA,2980,,Outbound - Sales Nav,,identity,False,fraud_team_hiring@2026-07-10|pricing_page_visit@2026-07-12,Disqualified,2026-07-10,2026-07-10,8,,,,Duplicate,SDR - Dana Lopes
L-5118,2026-05-08,Cameron,Orwell,cameron.orwell@highlandneo.example,Chief Risk Officer,risk_compliance,Highland Neo,ACC-1422,fintech,,130,,Partner Referral,Abrigo,identity,False,email_reply_positive@2026-05-16,Disqualified,,,,,,,Competitor,Marketing Queue
L-5119,2026-06-07,Drew,Rourke,drew.rourke@stonebridgememberscu.example,Head of Deposit Products,head_of_digital_banking,Stonebridge Members CU,ACC-1154,credit_union,NA,2743,7.4,Content Download,,check,True,fraud_leader_job_change@2026-06-07,Converted,2026-06-10,2026-06-10,8,2026-06-16,2026-06-20,OPP-7005,,SDR - Chen Wu
L-5120,2026-04-26,Riley,Thorne,riley.thorne@mapleleafwallet.example,"Director, Identity & Access Management",ciso_identity,Maple Leaf Wallet,ACC-1047,fintech,APAC,866,,Demo Request,,identity,False,demo_request@2026-05-01|competitor_renewal_window@2026-05-14,Recycled,,,,,,,,Marketing Queue
L-5121,2026-08-06,Reese,Quill,reese.quill@stonebridgefederalcreditunion.example,Fraud Operations Lead,fraud_analyst,Stonebridge Federal Credit Union,ACC-1178,credit_union,NA,578,1.5,Demo Request,,check,True,demo_request@2026-08-26|demo_request@2026-08-26|fraud_team_hiring@2026-08-07,Recycled,2026-08-07,2026-08-07,3,2026-08-20,,,,SDR - Eli Novak
L-5122,2026-04-28,Casey,Kestrel,casey.kestrel@bayfrontcreditunion.example,Head of Deposit Products,head_of_digital_banking,Bayfront Credit Union,ACC-1258,credit_union,NA,1575,3.5,Outbound - Clay,,check,True,fraud_team_hiring@2026-05-02,Recycled,,,,,,,,Marketing Queue
L-5123,2026-03-15,Kendall,Quill,kendall.quill@stonebridgelend.example,"VP, Fraud Strategy",head_of_fraud,Stonebridge Lend,ACC-1396,fintech,NA,2244,,Outbound - Sales Nav,,identity,False,competitor_renewal_window@2026-03-27|deepfake_webinar_attended@2026-04-01,Recycled,,,,,,,,Marketing Queue
L-5124,2026-08-09,Kendall,Alder,kendall.alder@northgatememberscu.example,Senior Fraud Manager,fraud_analyst,Northgate Members CU,ACC-1057,credit_union,NA,1112,2.6,Event,,identity,True,fraud_leader_job_change@2026-08-20,Disqualified,,,,,,,No Fraud/IDV Use Case,Marketing Queue
L-5125,2026-04-17,Morgan,Dunmore,morgan.dunmore@riverbendlabs.example,Consultant,unknown,Riverbend Labs,ACC-1022,other,NA,59,,Event,,identity,False,,Disqualified,,,,,,,Not ICP,Marketing Queue
L-5126,2026-03-02,Taylor,Rourke,taylor.rourke@cedarvalleyagency.example,Marketing Coordinator,unknown,Cedar Valley Agency,ACC-1007,other,EMEA,321,,Paid Social,,identity,False,demo_request@2026-03-12,Disqualified,,,,,,,Not ICP,Marketing Queue
L-5127,2026-01-27,Reese,Garrow,reese.garrow@falconagency.example,Vendor Risk Manager,procurement_it,Falcon Agency,ACC-1192,other,NA,356,,Paid Social,,identity,False,,Disqualified,,,,,,,Bad Data,Marketing Queue
L-5128,2026-07-08,Rowan,Quill,rowan.quill@prairiefirstbank.example,Chief Risk Officer,risk_compliance,Prairie First Bank,ACC-1198,bank_regional,NA,2017,51.8,Demo Request,,identity,True,demo_request@2026-07-15,Recycled,,,,,,,,Marketing Queue
L-5129,2026-01-16,Skyler,Pruitt,skyler.pruitt@riverbendplay.example,"Director, Trust & Safety",trust_and_safety,Riverbend Play,ACC-1256,igaming,APAC,653,,Qualified Chat,,identity,False,qualified_chat_engaged@2026-01-25,Recycled,2026-01-18,2026-01-18,8,,,,,SDR - Alex Rivera
L-5130,2026-07-22,Sage,Thorne,sage.thorne@clearwatermarket.example,"VP Product, Onboarding",fintech_product,Clearwater Market,ACC-1320,marketplace,NA,947,,Qualified Chat,,identity,False,qualified_chat_engaged@2026-07-29|pricing_page_visit@2026-08-01|fraud_team_hiring@2026-07-26|qualified_chat_engaged@2026-08-03,Disqualified,2026-07-23,2026-07-23,20,,,,Existing Open Opp,SDR - Fran Moretti
L-5131,2026-04-18,Hayden,Ellery,hayden.ellery@oakmontplay.example,"VP Product, Onboarding",fintech_product,Oakmont Play,ACC-1070,igaming,NA,2144,,Webinar,,identity,True,email_reply_positive@2026-04-22,Recycled,2026-04-18,2026-04-20,50,,,,,SDR - Fran Moretti
L-5132,2026-08-04,Taylor,Dunmore,taylor.dunmore@lakeshorehub.example,"VP Product, Onboarding",fintech_product,Lakeshore Hub,ACC-1015,marketplace,NA,3808,,Outbound - Clay,,identity,True,check_fraud_content_download@2026-08-08,Disqualified,,,,,,,Competitor,Marketing Queue
L-5133,2026-05-03,Sage,Thorne,sage.thorne@lakeshorewallet.example,"VP, Fraud Strategy",head_of_fraud,Lakeshore Wallet,ACC-1305,fintech,NA,1310,,Qualified Chat,,identity,False,qualified_chat_engaged@2026-05-07,Converted,2026-05-06,2026-05-07,30,2026-05-11,2026-05-11,OPP-7006,,SDR - Chen Wu
L-5134,2026-04-18,Emerson,Thorne,emerson.thorne@crescentfederalcreditunion.example,"Director, Fraud Risk",head_of_fraud,Crescent Federal Credit Union,ACC-1211,credit_union,NA,2993,1.0,Content Download,,identity,True,,Recycled,,,,,,,,Marketing Queue
L-5135,2026-06-14,Riley,Orwell,riley.orwell@granitepeakneo.example,VP Information Security,ciso_identity,Granite Peak Neo,ACC-1376,fintech,EMEA,1654,,Outbound - Clay,,identity,False,email_reply_positive@2026-06-30|demo_request@2026-06-30,Recycled,,,,,,,,Marketing Queue
L-5136,2026-07-22,Emerson,Marlow,emerson.marlow@redwoodnationalbank.example,Fraud Analyst,fraud_analyst,Redwood National Bank,ACC-1020,bank_tier1,NA,160763,2314.9,Partner Referral,Fiserv,identity,False,,Recycled,,,,,,,,Marketing Queue
L-5137,2026-03-18,Blake,Ellery,blake.ellery@evergreenhealth.example,Enterprise Architect,procurement_it,Evergreen Health,ACC-1353,adjacent_regulated,NA,23691,,Outbound - Sales Nav,,identity,False,competitor_renewal_window@2026-03-20|email_reply_positive@2026-03-21|pricing_page_visit@2026-04-05,Recycled,2026-03-21,2026-03-21,4,,,,,SDR - Fran Moretti
L-5138,2026-03-09,Cameron,Calloway,cameron.calloway@summitridgerentals.example,"Director, Trust & Safety",trust_and_safety,Summit Ridge Rentals,ACC-1364,marketplace,EMEA,3345,,Demo Request,,identity,False,demo_request@2026-03-29,Recycled,,,,,,,,Marketing Queue
L-5139,2026-01-27,Reese,Jessup,reese.jessup@unionsquarememberscu.example,Senior Fraud Manager,fraud_analyst,Union Square Members CU,ACC-1281,credit_union,NA,2822,2.6,Webinar,,identity,True,pricing_page_visit@2026-02-01|pricing_page_visit@2026-02-01|demo_request@2026-02-09,Recycled,2026-01-27,2026-01-27,3,,,,,SDR - Alex Rivera
L-5140,2026-09-17,Parker,Orwell,parker.orwell@crescentneo.example,VP Information Security,ciso_identity,Crescent Neo,ACC-1234,fintech,NA,2588,,Partner Referral,Fiserv,identity,False,competitor_renewal_window@2026-09-24|deepfake_webinar_attended@2026-10-01,New,,,,,,,,Marketing Queue
L-5141,2026-01-30,Cameron,Brooks,cameron.brooks@bluemesacreditunion.example,"Director, Fraud Risk",head_of_fraud,Blue Mesa Credit Union,ACC-1142,credit_union,NA,1390,6.3,Webinar,,identity,False,,Converted,2026-01-30,2026-01-30,1,2026-02-03,2026-02-05,OPP-7007,,SDR - Fran Moretti
L-5142,2026-08-26,Morgan,Jessup,morgan.jessup@evergreencreditunion.example,"Director, Fraud Risk",head_of_fraud,Evergreen Credit Union,ACC-1304,credit_union,NA,2860,1.1,Event,,identity,True,qualified_chat_engaged@2026-09-04|fraud_leader_job_change@2026-09-06|fraud_team_hiring@2026-08-28|fraud_team_hiring@2026-09-12,SQL,2026-08-29,2026-08-31,50,2026-09-05,,,,SDR - Fran Moretti
L-5143,2026-09-09,Sage,Sutter,sage.sutter@evergreenbet.example,Chief Risk Officer,risk_compliance,Evergreen Bet,ACC-1270,igaming,NA,229,,Paid Social,,identity,False,fraud_leader_job_change@2026-09-17,Working,2026-09-12,2026-09-14,50,,,,,SDR - Eli Novak
L-5144,2026-04-14,Riley,Garrow,riley.garrow@copperstateneo.example,Chief Risk Officer,risk_compliance,Copper State Neo,ACC-1119,fintech,,2908,,Qualified Chat,,identity,False,qualified_chat_engaged@2026-05-04,Recycled,2026-04-16,2026-04-16,8,,,,,SDR - Fran Moretti
L-5145,2026-02-08,Avery,Dunmore,avery.dunmore@sterlingbanktrust.example,"Director, KYC Operations",risk_compliance,Sterling Bank & Trust,ACC-1144,bank_regional,EMEA,1537,167.8,Paid Social,,check,False,email_reply_positive@2026-02-18,Recycled,,,,,,,,Marketing Queue
L-5146,2026-01-23,Skyler,Orwell,skyler.orwell@silverlinestudio.example,Consultant,unknown,Silverline Studio,ACC-1245,other,NA,367,,Webinar,,identity,False,competitor_renewal_window@2026-02-09,Recycled,,,,,,,,Marketing Queue
L-5147,2026-01-14,Drew,Alder,drew.alder@prairiefirstexchange.example,Fraud Analyst,fraud_analyst,Prairie First Exchange,ACC-1284,marketplace,NA,679,,Content Download,,identity,False,fraud_leader_job_change@2026-01-25|qualified_chat_engaged@2026-01-18,Recycled,,,,,,,,Marketing Queue
L-5148,2026-06-11,Jamie,Lowry,jamie.lowry@evergreencreditunion.example,Head of Deposit Products,head_of_digital_banking,Evergreen Credit Union,ACC-1304,credit_union,NA,2860,1.1,Event,,check,True,check_fraud_content_download@2026-06-24|qualified_chat_engaged@2026-06-26,Recycled,2026-06-12,2026-06-12,2,2026-06-14,,,,SDR - Eli Novak
L-5149,2026-09-18,Parker,Quill,parker.quill@evergreensavingsbank.example,Fraud Operations Lead,fraud_analyst,Evergreen Savings Bank,ACC-1012,bank_community,NA,602,9.9,Webinar,,check,False,,New,,,,,,,,Marketing Queue
L-5150,2026-01-23,Avery,Jessup,avery.jessup@falconcreditunion.example,Head of Fraud Prevention,head_of_fraud,Falcon Credit Union,ACC-1067,credit_union,NA,1183,5.4,Outbound - Sales Nav,,check,False,email_reply_positive@2026-01-26,Disqualified,2026-01-23,2026-01-23,2,,,,Not ICP,SDR - Fran Moretti
L-5151,2026-04-17,Emerson,Dunmore,emerson.dunmore@highlandcreditunion.example,"Director, KYC Operations",risk_compliance,Highland Credit Union,ACC-1107,credit_union,NA,351,9.0,Content Download,,check,False,email_reply_positive@2026-04-27,Disqualified,2026-04-17,2026-04-17,4,,,,Student/Job Seeker,SDR - Chen Wu
L-5152,2026-04-02,Emerson,Brooks,emerson.brooks@redwoodbanktrust.example,"Director, Digital Channels",head_of_digital_banking,Redwood Bank & Trust,ACC-1293,bank_regional,NA,14916,207.6,Demo Request,,check,True,demo_request@2026-04-19,Recycled,2026-04-02,2026-04-02,2,,,,,SDR - Fran Moretti
L-5153,2026-07-06,Morgan,Orwell,morgan.orwell@stonebridgepay.example,VP Information Security,ciso_identity,Stonebridge Pay,ACC-1428,fintech,NA,1905,,Paid Social,,identity,False,deepfake_webinar_attended@2026-07-23,Disqualified,,,,,,,Not ICP,Marketing Queue
L-5154,2026-09-02,Emerson,Pruitt,emerson.pruitt@silverlinecreditunion.example,Senior Fraud Manager,fraud_analyst,Silverline Credit Union,ACC-1329,credit_union,NA,1218,14.3,Content Download,,identity,True,pricing_page_visit@2026-09-21|check_fraud_content_download@2026-09-13|fraud_team_hiring@2026-09-07|fraud_leader_job_change@2026-09-12,New,,,,,,,,Marketing Queue
L-5155,2026-03-11,Blake,Calloway,blake.calloway@highlandstudio.example,Student,unknown,Highland Studio,ACC-1393,other,NA,478,,Partner Referral,Fiserv,identity,False,qualified_chat_engaged@2026-03-21,Disqualified,,,,,,,Student/Job Seeker,Marketing Queue
L-5156,2026-09-08,Taylor,Sutter,taylor.sutter@summitridgeconsulting.example,Student,unknown,Summit Ridge Consulting,ACC-1280,other,NA,212,,Outbound - Clay,,identity,False,,Disqualified,,,,,,,Student/Job Seeker,Marketing Queue
L-5157,2026-09-11,Emerson,Fairbanks,emerson.fairbanks@falconbanktrust.example,Head of Fraud Prevention,head_of_fraud,Falcon Bank & Trust,ACC-1088,bank_regional,NA,9601,211.6,Demo Request,,check,True,demo_request@2026-09-21|email_reply_positive@2026-09-14,New,,,,,,,,Marketing Queue
L-5158,2026-02-05,Avery,Ellery,avery.ellery@crescentcreditunion.example,Fraud Operations Lead,fraud_analyst,Crescent Credit Union,ACC-1167,credit_union,NA,736,2.8,Demo Request,,identity,False,demo_request@2026-02-23,Converted,2026-02-08,2026-02-08,4,2026-02-24,2026-02-28,OPP-7008,,SDR - Chen Wu
L-5159,2026-02-19,Jordan,Lowry,jordan.lowry@summitridgemoney.example,"Director, KYC Operations",risk_compliance,Summit Ridge Money,ACC-1222,fintech,NA,2484,,Qualified Chat,,identity,True,qualified_chat_engaged@2026-03-03|pricing_page_visit@2026-02-28,Recycled,2026-02-21,2026-02-21,2,,,,,SDR - Eli Novak
L-5160,2026-06-16,Taylor,Fairbanks,taylor.fairbanks@silverlinehub.example,Fraud Operations Lead,fraud_analyst,Silverline Hub,ACC-1201,marketplace,NA,305,,Outbound - Clay,,identity,True,fraud_team_hiring@2026-07-03,Disqualified,,,,,,,No Fraud/IDV Use Case,Marketing Queue
L-5161,2026-01-10,Morgan,Ellery,morgan.ellery@copperstategaming.example,BSA/AML Officer,risk_compliance,Copper State Gaming,ACC-1064,igaming,NA,3275,,Demo Request,,identity,False,demo_request@2026-01-25|fraud_team_hiring@2026-01-14,Disqualified,2026-01-13,2026-01-13,3,,,,No Fraud/IDV Use Case,SDR - Chen Wu
L-5162,2026-08-10,Blake,Sutter,blake.sutter@riverbendstatebank.example,"Director, Fraud Risk",head_of_fraud,Riverbend State Bank,ACC-1115,bank_community,NA,1486,8.8,Qualified Chat,,identity,False,qualified_chat_engaged@2026-08-26|check_fraud_content_download@2026-08-23,Recycled,,,,,,,,Marketing Queue
L-5163,2026-05-28,Morgan,Hollis,morgan.hollis@falconlend.example,"Director, Fraud Risk",head_of_fraud,Falcon Lend,ACC-1040,fintech,APAC,704,,Outbound - Sales Nav,,identity,False,email_reply_positive@2026-06-16,Recycled,,,,,,,,Marketing Queue
L-5164,2026-02-01,Emerson,Quill,emerson.quill@oakmontconsulting.example,IT Procurement Lead,procurement_it,Oakmont Consulting,ACC-1159,other,EMEA,230,,Event,,identity,False,demo_request@2026-02-16,Disqualified,,,,,,,Student/Job Seeker,Marketing Queue
L-5165,2026-01-23,Quinn,Sutter,quinn.sutter@highlandgaming.example,Chief Risk Officer,risk_compliance,Highland Gaming,ACC-1148,igaming,NA,106,,Paid Social,,identity,False,check_fraud_content_download@2026-01-24|competitor_renewal_window@2026-02-10,Disqualified,,,,,,,No Fraud/IDV Use Case,Marketing Queue
L-5166,2026-05-27,Drew,Ingram,,Head of Deposit Products,head_of_digital_banking,Bayfront Credit Union,ACC-1258,credit_union,NA,1575,3.5,Paid Social,,check,True,,Disqualified,,,,,,,Competitor,Marketing Queue
L-5167,2026-05-18,Skyler,Calloway,skyler.calloway@prairiefirstmemberscu.example,"VP, Fraud Strategy",head_of_fraud,Prairie First Members CU,ACC-1189,credit_union,NA,2892,14.2,Content Download,,check,True,email_reply_positive@2026-05-19,Disqualified,,,,,,,No Fraud/IDV Use Case,Marketing Queue
L-5168,2026-03-31,Jordan,Fairbanks,jordan.fairbanks@ironwoodconsulting.example,Office Manager,unknown,Ironwood Consulting,ACC-1338,other,LATAM,208,,Content Download,,identity,False,fraud_leader_job_change@2026-04-01|check_fraud_content_download@2026-04-03,Disqualified,,,,,,,Bad Data,Marketing Queue
L-5169,2026-03-20,Emerson,Marlow,emerson.marlow@copperstatesavingsbank.example,Chief Risk Officer,risk_compliance,Copper State Savings Bank,ACC-1242,bank_community,NA,1440,6.1,Partner Referral,Data Advisor,check,False,,Disqualified,2026-03-22,2026-03-22,20,,,,Student/Job Seeker,SDR - Chen Wu
L-5170,2026-07-24,Skyler,Fairbanks,,Vendor Risk Manager,procurement_it,Meridian Studio,ACC-1335,other,,107,,Outbound - Sales Nav,,identity,False,deepfake_webinar_attended@2026-08-11|deepfake_webinar_attended@2026-08-09,Disqualified,,,,,,,Not ICP,Marketing Queue
L-5171,2026-08-21,Taylor,Brooks,taylorbrooks@gmail.example,SVP Digital Banking,head_of_digital_banking,Tidewater Federal Credit Union,ACC-1268,credit_union,NA,2672,2.8,Event,,check,False,check_fraud_content_download@2026-08-29,Disqualified,,,,,,,Competitor,Marketing Queue
L-5172,2026-07-16,Emerson,Ingram,emerson.ingram@clearwatermemberscu.example,"VP, Fraud Strategy",head_of_fraud,Clearwater Members CU,ACC-1438,credit_union,NA,1053,4.6,Webinar,,identity,False,pricing_page_visit@2026-07-24|check_fraud_content_download@2026-07-30|qualified_chat_engaged@2026-08-05,Disqualified,2026-07-16,2026-07-16,6,,,,Existing Open Opp,SDR - Chen Wu
L-5173,2026-04-06,Taylor,Thorne,taylor.thorne@northgateexchange.example,"Group PM, Account Opening",fintech_product,Northgate Exchange,ACC-1416,marketplace,NA,1312,,Outbound - Sales Nav,,identity,False,,Recycled,2026-04-09,2026-04-09,4,,,,,SDR - Chen Wu
L-5174,2026-02-11,Casey,Alder,casey.alder@evergreenstatebank.example,"Director, Digital Channels",head_of_digital_banking,Evergreen State Bank,ACC-1052,bank_community,NA,1490,3.2,Demo Request,,identity,False,demo_request@2026-02-25|demo_request@2026-02-26,Disqualified,2026-02-13,2026-02-13,20,,,,Existing Open Opp,SDR - Alex Rivera
L-5175,2026-01-06,Morgan,Lowry,morgan.lowry@redwoodlend.example,Head of Fraud Prevention,head_of_fraud,Redwood Lend,ACC-1276,fintech,NA,2497,,Outbound - Clay,,identity,False,competitor_renewal_window@2026-01-09|email_reply_positive@2026-01-17|fraud_leader_job_change@2026-01-15|fraud_team_hiring@2026-01-07,Recycled,2026-01-09,2026-01-09,6,,,,,SDR - Fran Moretti
L-5176,2026-07-23,Emerson,Garrow,emerson.garrow@westfieldconsulting.example,Consultant,unknown,Westfield Consulting,ACC-1097,other,APAC,308,,Demo Request,,identity,False,demo_request@2026-08-07|qualified_chat_engaged@2026-08-12,Recycled,,,,,,,,Marketing Queue
L-5177,2026-08-23,Jordan,Marlow,jordan.marlow@tidewaterbank.example,Enterprise Architect,procurement_it,Tidewater Bank,ACC-1255,bank_regional,EMEA,18405,214.3,Qualified Chat,,identity,True,qualified_chat_engaged@2026-09-02,Disqualified,,,,,,,Competitor,Marketing Queue
L-5178,2026-01-23,Kendall,Brooks,kendall.brooks@copperstateneo.example,"VP Product, Onboarding",fintech_product,Copper State Neo,ACC-1119,fintech,NA,2908,,Webinar,,identity,False,demo_request@2026-02-07,Recycled,2026-01-23,2026-01-23,6,,,,,SDR - Eli Novak
L-5179,2026-03-04,Skyler,Marlow,skyler.marlow@meridiancommunitybank.example,SVP Digital Banking,head_of_digital_banking,Meridian Community Bank,ACC-1032,bank_community,NA,726,1.0,Outbound - Sales Nav,,check,True,deepfake_webinar_attended@2026-03-06|deepfake_webinar_attended@2026-03-17,Disqualified,2026-03-05,2026-03-05,1,,,,Not ICP,SDR - Dana Lopes
L-5180,2026-07-13,Riley,Thorne,riley.thorne@crescentsportsbook.example,"VP Product, Onboarding",fintech_product,Crescent Sportsbook,ACC-1086,igaming,,3701,,Partner Referral,Abrigo,identity,False,demo_request@2026-07-17,Recycled,,,,,,,,Marketing Queue
L-5181,2026-08-06,Emerson,Nash,emerson.nash@granitepeakfederalcreditunion.example,"Director, KYC Operations",risk_compliance,Granite Peak Federal Credit Union,ACC-1361,credit_union,NA,1457,2.5,Outbound - Sales Nav,,check,True,deepfake_webinar_attended@2026-08-10|check_fraud_content_download@2026-08-22,Disqualified,,,,,,,Competitor,Marketing Queue
L-5182,2026-07-02,Jamie,Garrow,jamie.garrow@arborcreditunion.example,BSA/AML Officer,risk_compliance,Arbor Credit Union,ACC-1423,credit_union,NA,515,12.5,Outbound - Clay,,check,False,,Disqualified,,,,,,,Competitor,Marketing Queue
L-5183,2026-05-26,Parker,Fairbanks,parker.fairbanks@meridianbancshares.example,Head of Deposit Products,head_of_digital_banking,Meridian Bancshares,ACC-1394,bank_regional,NA,2578,53.0,Qualified Chat,,check,False,qualified_chat_engaged@2026-06-10,Recycled,,,,,,,,Marketing Queue
L-5184,2026-01-27,Parker,Quill,parker.quill@prairiefirstbanktrust.example,Fraud Operations Lead,fraud_analyst,Prairie First Bank & Trust,ACC-1315,bank_regional,NA,13480,191.2,Demo Request,,identity,True,demo_request@2026-02-01|pricing_page_visit@2026-01-27,Recycled,,,,,,,,Marketing Queue
L-5185,2026-03-02,Taylor,Marlow,taylor.marlow@oakmontnationalbank.example,"Director, Identity & Access Management",ciso_identity,Oakmont National Bank,ACC-1166,bank_tier1,NA,118262,1434.4,Event,,identity,True,deepfake_webinar_attended@2026-03-15,Converted,2026-03-05,2026-03-05,3,2026-03-16,2026-03-19,OPP-7009,,SDR - Fran Moretti
L-5186,2026-05-23,Jordan,Ingram,jordan.ingram@riverbendsavingsbank.example,"Director, KYC Operations",risk_compliance,Riverbend Savings Bank,ACC-1099,bank_community,NA,720,2.4,Content Download,,identity,True,demo_request@2026-06-10,Disqualified,,,,,,,Not ICP,Marketing Queue
L-5187,2026-05-02,Taylor,Sutter,taylor.sutter@oakmontpay.example,"Director, Fraud Risk",head_of_fraud,Oakmont Pay,ACC-1080,fintech,EMEA,992,,Demo Request,,identity,False,demo_request@2026-05-17,Converted,2026-05-05,2026-05-05,4,2026-05-13,2026-05-17,OPP-7010,,SDR - Alex Rivera
L-5188,2026-01-25,Rowan,Pruitt,rowan.pruitt@bluemesasavingsbank.example,Head of Deposit Products,head_of_digital_banking,Blue Mesa Savings Bank,ACC-1213,bank_community,NA,1189,3.9,Outbound - Sales Nav,,check,False,email_reply_positive@2026-01-26|fraud_team_hiring@2026-02-10,Recycled,2026-01-26,2026-01-26,2,,,,,SDR - Bri Okafor
L-5189,2026-06-05,Quinn,Orwell,quinn.orwell@falconcreditunion.example,"Director, KYC Operations",risk_compliance,Falcon Credit Union,ACC-1067,credit_union,NA,1183,5.4,Content Download,,check,False,qualified_chat_engaged@2026-06-05|competitor_renewal_window@2026-06-14,Recycled,,,,,,,,Marketing Queue
L-5190,2026-07-13,Skyler,Quill,skyler.quill@bayfrontcountyservices.example,VP Information Security,ciso_identity,Bayfront County Services,ACC-1207,adjacent_regulated,EMEA,10441,,Outbound - Sales Nav,,identity,False,demo_request@2026-08-02|qualified_chat_engaged@2026-07-25,Disqualified,2026-07-14,2026-07-14,2,,,,Bad Data,SDR - Fran Moretti
L-5191,2026-03-02,Cameron,Fairbanks,cameron.fairbanks@tidewaterwallet.example,"VP Product, Onboarding",fintech_product,Tidewater Wallet,ACC-1186,fintech,APAC,936,,Outbound - Clay,,identity,False,demo_request@2026-03-13,Disqualified,,,,,,,Not ICP,Marketing Queue
L-5192,2026-09-06,Sage,Nash,sage.nash@redwoodlend.example,"Group PM, Account Opening",fintech_product,Redwood Lend,ACC-1276,fintech,NA,2497,,Content Download,,identity,False,deepfake_webinar_attended@2026-09-16|fraud_leader_job_change@2026-09-14,Working,2026-09-09,2026-09-11,50,,,,,SDR - Eli Novak
L-5193,2026-06-03,Morgan,Marlow,morgan.marlow@crescentbancshares.example,Enterprise Architect,procurement_it,Crescent Bancshares,ACC-1347,bank_regional,APAC,11690,175.7,Outbound - Sales Nav,,check,False,qualified_chat_engaged@2026-06-09|competitor_renewal_window@2026-06-05,Disqualified,2026-06-05,2026-06-05,2,,,,Competitor,SDR - Fran Moretti
L-5194,2026-08-06,Avery,Jessup,avery.jessup@highlandmarket.example,"Head of Product, Identity",fintech_product,Highland Market,ACC-1011,marketplace,NA,1451,,Partner Referral,Abrigo,identity,False,fraud_team_hiring@2026-08-20,Disqualified,,,,,,,Competitor,Marketing Queue
L-5195,2026-06-21,Reese,Sutter,reese.sutter@falconpay.example,Chief Risk Officer,risk_compliance,Falcon Pay,ACC-1296,fintech,EMEA,2152,,Outbound - Sales Nav,,identity,False,email_reply_positive@2026-07-08|competitor_renewal_window@2026-07-05,Disqualified,2026-06-23,2026-06-23,4,,,,Duplicate,SDR - Chen Wu
L-5196,2026-03-31,Quinn,Hollis,quinn.hollis@lakeshorememberscu.example,Fraud Operations Lead,fraud_analyst,Lakeshore Members CU,ACC-1145,credit_union,NA,1521,9.4,Webinar,,check,False,check_fraud_content_download@2026-04-05|pricing_page_visit@2026-04-04,Recycled,,,,,,,,Marketing Queue
L-5197,2026-06-30,Blake,Jessup,blake.jessup@northgatestatebank.example,"Director, KYC Operations",risk_compliance,Northgate State Bank,ACC-1017,bank_community,NA,1060,1.2,Webinar,,identity,True,email_reply_positive@2026-07-05,Disqualified,,,,,,,No Fraud/IDV Use Case,Marketing Queue
L-5198,2026-06-23,Casey,Sutter,casey.sutter@arborexchange.example,Fraud Analyst,fraud_analyst,Arbor Exchange,ACC-1279,marketplace,NA,3613,,Paid Social,,identity,False,check_fraud_content_download@2026-07-11,Recycled,,,,,,,,Marketing Queue
L-5199,2026-03-05,Kendall,Hollis,kendall.hollis@lakeshoreagency.example,Enterprise Architect,procurement_it,Lakeshore Agency,ACC-1071,other,NA,228,,Paid Social,,identity,False,,Disqualified,,,,,,,Bad Data,Marketing Queue
L-5200,2026-04-15,Sage,Marlow,sage.marlow@clearwaterhealth.example,Chief Risk Officer,risk_compliance,Clearwater Health,ACC-1113,adjacent_regulated,NA,14971,,Qualified Chat,,identity,False,qualified_chat_engaged@2026-04-17,Disqualified,,,,,,,Competitor,Marketing Queue
L-5201,2026-07-13,Cameron,Jessup,cameron.jessup@granitepeakwallet.example,"Director, Identity & Access Management",ciso_identity,Granite Peak Wallet,ACC-1366,fintech,EMEA,2734,,Outbound - Clay,,identity,False,check_fraud_content_download@2026-07-24,Disqualified,2026-07-16,2026-07-16,20,,,,Competitor,SDR - Fran Moretti
L-5202,2026-02-18,Skyler,Calloway,skyler.calloway@bluemesamemberscu.example,"VP, Fraud Strategy",head_of_fraud,Blue Mesa Members CU,ACC-1212,credit_union,NA,2118,3.3,Webinar,,identity,False,competitor_renewal_window@2026-03-06,Disqualified,2026-02-21,2026-02-21,6,,,,Bad Data,SDR - Bri Okafor
L-5203,2026-06-02,Reese,Sutter,reese.sutter@granitepeaklend.example,"Director, Identity & Access Management",ciso_identity,Granite Peak Lend,ACC-1095,fintech,,1815,,Partner Referral,Data Advisor,identity,False,,Recycled,,,,,,,,Marketing Queue
L-5204,2026-03-09,Jamie,Alder,jamie.alder@arbormemberscu.example,Senior Fraud Manager,fraud_analyst,Arbor Members CU,ACC-1153,credit_union,NA,1134,12.3,Paid Social,,check,True,competitor_renewal_window@2026-03-29,Recycled,,,,,,,,Marketing Queue
L-5205,2026-09-05,Quinn,Sutter,quinn.sutter@clearwaterlabs.example,Consultant,unknown,Clearwater Labs,ACC-1444,other,EMEA,351,,Demo Request,,identity,False,demo_request@2026-09-13,New,,,,,,,,Marketing Queue
L-5206,2026-07-06,Morgan,Quill,morgan.quill@evergreenwallet.example,"Director, Identity & Access Management",ciso_identity,Evergreen Wallet,ACC-1184,fintech,NA,2783,,Qualified Chat,,identity,False,qualified_chat_engaged@2026-07-26,Recycled,,,,,,,,Marketing Queue
L-5207,2026-06-08,Cameron,Ellery,cameronellery@gmail.example,Student,unknown,Riverbend Consulting,ACC-1446,other,NA,467,,Paid Social,,identity,False,fraud_leader_job_change@2026-06-11|email_reply_positive@2026-06-26,Disqualified,,,,,,,Student/Job Seeker,Marketing Queue
L-5208,2026-03-25,Hayden,Orwell,hayden.orwell@evergreenstatebank.example,Head of Fraud Prevention,head_of_fraud,Evergreen State Bank,ACC-1052,bank_community,NA,1490,3.2,Partner Referral,Abrigo,check,False,email_reply_positive@2026-04-13|email_reply_positive@2026-04-11|email_reply_positive@2026-03-28,Recycled,,,,,,,,Marketing Queue
L-5209,2026-09-29,Reese,Alder,reese.alder@lakeshoreagency.example,Student,unknown,Lakeshore Agency,ACC-1071,other,NA,228,,Event,,identity,False,,New,,,,,,,,Marketing Queue
L-5210,2026-06-11,Riley,Calloway,rileycalloway@gmail.example,VP Information Security,ciso_identity,Meridian Insurance,ACC-1352,adjacent_regulated,NA,5110,,Webinar,,identity,False,qualified_chat_engaged@2026-06-24,Recycled,,,,,,,,Marketing Queue
L-5211,2026-09-02,Kendall,Garrow,kendall.garrow@silverlinecommunitybank.example,SVP Digital Banking,head_of_digital_banking,Silverline Community Bank,ACC-1262,bank_community,NA,147,2.6,Demo Request,,identity,False,demo_request@2026-09-04|check_fraud_content_download@2026-09-02|qualified_chat_engaged@2026-09-05,Working,2026-09-03,2026-09-03,6,,,,,SDR - Eli Novak
L-5212,2026-05-08,Logan,Alder,logan.alder@riverbendfinancialgroup.example,Vendor Risk Manager,procurement_it,Riverbend Financial Group,ACC-1399,bank_tier1,NA,113273,1770.9,Partner Referral,FICO Marketplace,identity,True,,Disqualified,2026-05-08,2026-05-08,2,,,,Student/Job Seeker,SDR - Dana Lopes
L-5213,2026-04-07,Emerson,Dunmore,emerson.dunmore@ironwoodmoney.example,"VP Product, Onboarding",fintech_product,Ironwood Money,ACC-1344,fintech,NA,1046,,Event,,identity,True,fraud_team_hiring@2026-04-13|email_reply_positive@2026-04-14|fraud_team_hiring@2026-04-10|fraud_leader_job_change@2026-04-10,Recycled,2026-04-09,2026-04-11,50,,,,,SDR - Dana Lopes
L-5214,2026-06-13,Hayden,Garrow,hayden.garrow@lakeshorememberscu.example,Fraud Operations Lead,fraud_analyst,Lakeshore Members CU,ACC-1145,credit_union,,1521,9.4,Outbound - Sales Nav,,identity,False,fraud_team_hiring@2026-06-22,Recycled,,,,,,,,Marketing Queue
L-5215,2026-02-27,Casey,Marlow,casey.marlow@ironwoodcountyservices.example,Enterprise Architect,procurement_it,Ironwood County Services,ACC-1251,adjacent_regulated,NA,12137,,Outbound - Clay,,identity,False,qualified_chat_engaged@2026-03-02,Recycled,2026-02-28,2026-02-28,2,,,,,SDR - Dana Lopes
L-5216,2026-08-10,Rowan,Lowry,rowan.lowry@westfieldmemberscu.example,Head of Fraud Prevention,head_of_fraud,Westfield Members CU,ACC-1062,credit_union,NA,673,13.9,Outbound - Sales Nav,,identity,True,check_fraud_content_download@2026-08-30,Recycled,,,,,,,,Marketing Queue
L-5217,2026-05-13,Riley,Brooks,riley.brooks@silverlinebancshares.example,"VP, Fraud Strategy",head_of_fraud,Silverline Bancshares,ACC-1055,bank_regional,NA,12735,58.9,Outbound - Sales Nav,,check,False,pricing_page_visit@2026-05-13,Recycled,,,,,,,,Marketing Queue
L-5218,2026-02-13,Sage,Ingram,sage.ingram@prairiefirstwallet.example,"Head of Product, Identity",fintech_product,Prairie First Wallet,ACC-1155,fintech,NA,2255,,Partner Referral,Data Advisor,identity,False,deepfake_webinar_attended@2026-02-22|competitor_renewal_window@2026-02-28,Recycled,,,,,,,,Marketing Queue
L-5219,2026-08-23,Reese,Fairbanks,reese.fairbanks@unionsquareconsulting.example,Office Manager,unknown,Union Square Consulting,ACC-1060,other,EMEA,112,,Event,,identity,False,competitor_renewal_window@2026-09-06|demo_request@2026-08-24|pricing_page_visit@2026-09-09,Recycled,,,,,,,,Marketing Queue
L-5220,2026-03-26,Rowan,Thorne,rowan.thorne@cedarvalleyexchange.example,Fraud Analyst,fraud_analyst,Cedar Valley Exchange,ACC-1243,marketplace,NA,3216,,Partner Referral,Fiserv,identity,False,competitor_renewal_window@2026-04-13,Recycled,,,,,,,,Marketing Queue
L-5221,2026-07-02,Cameron,Lowry,cameron.lowry@stonebridgepay.example,Chief Risk Officer,risk_compliance,Stonebridge Pay,ACC-1428,fintech,NA,1905,,Qualified Chat,,identity,False,qualified_chat_engaged@2026-07-14|qualified_chat_engaged@2026-07-15,Recycled,2026-07-03,2026-07-03,6,,,,,SDR - Chen Wu
L-5222,2026-06-20,Sage,Nash,sage.nash@crescentsportsbook.example,BSA/AML Officer,risk_compliance,Crescent Sportsbook,ACC-1086,igaming,APAC,3701,,Qualified Chat,,identity,False,qualified_chat_engaged@2026-07-08,Disqualified,,,,,,,No Fraud/IDV Use Case,Marketing Queue
L-5223,2026-09-12,Skyler,Fairbanks,skyler.fairbanks@redwoodbanktrust.example,"VP, Fraud Strategy",head_of_fraud,Redwood Bank & Trust,ACC-1293,bank_regional,NA,14916,207.6,Demo Request,,identity,True,demo_request@2026-09-22|competitor_renewal_window@2026-09-28,Converted,2026-09-12,2026-09-14,50,2026-09-20,2026-09-24,OPP-7011,,SDR - Eli Novak
L-5224,2026-02-22,Hayden,Garrow,hayden.garrow@copperstatewallet.example,"Group PM, Account Opening",fintech_product,Copper State Wallet,ACC-1380,fintech,NA,1381,,Event,,identity,False,email_reply_positive@2026-03-09,Recycled,,,,,,,,Marketing Queue
L-5225,2026-04-17,Blake,Fairbanks,blake.fairbanks@redwoodlend.example,"Director, KYC Operations",risk_compliance,Redwood Lend,ACC-1276,fintech,NA,2497,,Outbound - Clay,,identity,False,email_reply_positive@2026-05-01,Recycled,2026-04-18,2026-04-19,30,2026-05-04,,,,SDR - Eli Novak
L-5226,2026-02-04,Casey,Jessup,casey.jessup@harborviewmemberscu.example,Fraud Operations Lead,fraud_analyst,Harborview Members CU,ACC-1414,credit_union,NA,1930,14.2,Partner Referral,Abrigo,check,True,pricing_page_visit@2026-02-11,Disqualified,,,,,,,No Fraud/IDV Use Case,Marketing Queue
L-5227,2026-05-05,Avery,Hollis,avery.hollis@sterlingpay.example,BSA/AML Officer,risk_compliance,Sterling Pay,ACC-1082,fintech,NA,2609,,Outbound - Clay,,identity,False,pricing_page_visit@2026-05-11,Recycled,2026-05-08,2026-05-08,20,,,,,SDR - Bri Okafor
L-5228,2026-05-27,Morgan,Kestrel,morgan.kestrel@oakmontfinancialgroup.example,"Director, Digital Channels",head_of_digital_banking,Oakmont Financial Group,ACC-1014,bank_tier1,NA,75307,2761.1,Partner Referral,Abrigo,identity,False,demo_request@2026-06-11|demo_request@2026-05-28,Disqualified,,,,,,,Not ICP,Marketing Queue
L-5229,2026-05-05,Sage,Ingram,sage.ingram@keystoneneo.example,"VP, Fraud Strategy",head_of_fraud,Keystone Neo,ACC-1431,fintech,NA,2672,,Demo Request,,identity,False,demo_request@2026-05-08|email_reply_positive@2026-05-23,Disqualified,2026-05-07,2026-05-07,8,,,,Duplicate,SDR - Dana Lopes
L-5230,2026-02-28,Hayden,Ingram,hayden.ingram@highlandinsurance.example,"Director, Identity & Access Management",ciso_identity,Highland Insurance,ACC-1111,adjacent_regulated,NA,24245,,Webinar,,identity,False,check_fraud_content_download@2026-03-14,Disqualified,,,,,,,Not ICP,Marketing Queue
L-5231,2026-05-11,Kendall,Brooks,kendall.brooks@cedarvalleyexchange.example,Fraud Operations Lead,fraud_analyst,Cedar Valley Exchange,ACC-1243,marketplace,NA,3216,,Paid Social,,identity,False,pricing_page_visit@2026-05-22|competitor_renewal_window@2026-05-22|check_fraud_content_download@2026-05-11,Disqualified,,,,,,,Competitor,Marketing Queue
L-5232,2026-07-09,Rowan,Alder,rowan.alder@sterlingcommunitybank.example,"Director, KYC Operations",risk_compliance,Sterling Community Bank,ACC-1196,bank_community,NA,1270,0.3,Demo Request,,identity,False,demo_request@2026-07-23,Converted,2026-07-10,2026-07-10,6,2026-07-26,2026-07-29,OPP-7012,,SDR - Dana Lopes
L-5233,2026-05-25,Quinn,Ingram,quinn.ingram@bluemesapay.example,"Group PM, Account Opening",fintech_product,Blue Mesa Pay,ACC-1404,fintech,NA,2300,,Demo Request,,identity,True,demo_request@2026-06-09|fraud_team_hiring@2026-06-04|fraud_team_hiring@2026-05-28,Disqualified,,,,,,,Competitor,Marketing Queue
L-5234,2026-04-09,Reese,Kestrel,reese.kestrel@oakmontfinancialgroup.example,"Director, Fraud Risk",head_of_fraud,Oakmont Financial Group,ACC-1014,bank_tier1,NA,75307,2761.1,Outbound - Sales Nav,,check,False,pricing_page_visit@2026-04-09|fraud_team_hiring@2026-04-15,Disqualified,2026-04-10,2026-04-10,20,,,,Existing Open Opp,SDR - Bri Okafor
L-5235,2026-06-21,Hayden,Lowry,hayden.lowry@falconsavingsbank.example,Head of Fraud Prevention,head_of_fraud,Falcon Savings Bank,ACC-1133,bank_community,NA,195,7.0,Paid Social,,check,False,,Recycled,2026-06-21,2026-06-23,50,,,,,SDR - Bri Okafor
L-5236,2026-04-01,Drew,Ellery,drew.ellery@pinecrestgaming.example,"Head of Product, Identity",fintech_product,Pinecrest Gaming,ACC-1134,igaming,NA,2280,,Qualified Chat,,identity,False,qualified_chat_engaged@2026-04-20,Recycled,,,,,,,,Marketing Queue
L-5237,2026-09-15,Drew,Jessup,drew.jessup@lakeshorebancorp.example,BSA/AML Officer,risk_compliance,Lakeshore Bancorp,ACC-1395,bank_tier1,NA,124410,2804.4,Demo Request,,identity,True,demo_request@2026-09-21,New,,,,,,,,Marketing Queue
L-5238,2026-04-11,Casey,Alder,casey.alder@arborhub.example,Fraud Operations Lead,fraud_analyst,Arbor Hub,ACC-1372,marketplace,EMEA,807,,Outbound - Clay,,identity,False,,Disqualified,,,,,,,No Fraud/IDV Use Case,Marketing Queue
L-5239,2026-01-10,Skyler,Marlow,skyler.marlow@crescentneo.example,"Group PM, Account Opening",fintech_product,Crescent Neo,ACC-1234,fintech,NA,2588,,Outbound - Sales Nav,,identity,False,,Disqualified,,,,,,,No Fraud/IDV Use Case,Marketing Queue
L-5240,2026-06-24,Kendall,Brooks,kendallbrooks@gmail.example,"Head of Product, Identity",fintech_product,Blue Mesa Money,ACC-1030,fintech,NA,1414,,Content Download,,identity,True,fraud_leader_job_change@2026-07-13,Recycled,2026-06-27,2026-06-27,8,2026-07-13,,,,SDR - Bri Okafor
L-5241,2026-06-27,Skyler,Quill,skyler.quill@arborbank.example,Senior Fraud Manager,fraud_analyst,Arbor Bank,ACC-1257,bank_regional,EMEA,12955,233.3,Outbound - Sales Nav,,identity,True,,Disqualified,2026-06-28,2026-06-29,30,,,,Bad Data,SDR - Chen Wu
L-5242,2026-05-20,Parker,Ellery,parker.ellery@lakeshorebanktrust.example,BSA/AML Officer,risk_compliance,Lakeshore Bank & Trust,ACC-1448,bank_regional,NA,8911,134.7,Partner Referral,CSI,identity,True,pricing_page_visit@2026-05-30,Converted,2026-05-21,2026-05-21,1,2026-05-23,2026-05-24,OPP-7013,,SDR - Alex Rivera
L-5243,2026-08-19,Morgan,Garrow,morgan.garrow@keystoneinsurance.example,VP Information Security,ciso_identity,Keystone Insurance,ACC-1253,adjacent_regulated,NA,18891,,Event,,identity,False,email_reply_positive@2026-09-03|competitor_renewal_window@2026-09-03|qualified_chat_engaged@2026-08-23|qualified_chat_engaged@2026-08-30,Working,2026-08-21,2026-08-21,4,,,,,SDR - Eli Novak
L-5244,2026-02-13,Riley,Marlow,riley.marlow@lakeshorefederalcreditunion.example,Fraud Operations Lead,fraud_analyst,Lakeshore Federal Credit Union,ACC-1092,credit_union,NA,1635,13.6,Content Download,,check,False,qualified_chat_engaged@2026-02-23|demo_request@2026-02-22,Recycled,,,,,,,,Marketing Queue
L-5245,2026-08-25,Kendall,Orwell,kendall.orwell@stonebridgebank.example,Fraud Operations Lead,fraud_analyst,Stonebridge Bank,ACC-1337,bank_regional,NA,2722,229.2,Paid Social,,check,True,demo_request@2026-09-04|demo_request@2026-09-14,SQL,2026-08-25,2026-08-25,6,2026-08-27,,,,SDR - Dana Lopes
L-5246,2026-05-15,Avery,Garrow,avery.garrow@mapleleafwallet.example,VP Information Security,ciso_identity,Maple Leaf Wallet,ACC-1047,fintech,APAC,866,,Webinar,,identity,False,fraud_team_hiring@2026-05-17,Converted,2026-05-16,2026-05-16,2,2026-05-30,2026-06-01,OPP-7014,,SDR - Bri Okafor
L-5247,2026-02-23,Rowan,Pruitt,rowan.pruitt@bayfrontexchange.example,Fraud Analyst,fraud_analyst,Bayfront Exchange,ACC-1183,marketplace,NA,3282,,Event,,identity,True,competitor_renewal_window@2026-03-09,Disqualified,2026-02-26,2026-02-26,8,,,,Bad Data,SDR - Eli Novak
L-5248,2026-04-29,Parker,Jessup,parker.jessup@bayfrontmutual.example,"Director, KYC Operations",risk_compliance,Bayfront Mutual,ACC-1174,adjacent_regulated,NA,28546,,Webinar,,identity,False,email_reply_positive@2026-05-19|email_reply_positive@2026-05-01|check_fraud_content_download@2026-05-13|fraud_team_hiring@2026-05-01,Disqualified,,,,,,,Competitor,Marketing Queue
L-5249,2026-02-13,Hayden,Dunmore,hayden.dunmore@sterlingbancshares.example,Vendor Risk Manager,procurement_it,Sterling Bancshares,ACC-1024,bank_regional,APAC,12121,127.3,Qualified Chat,,identity,True,qualified_chat_engaged@2026-02-26,Recycled,,,,,,,,Marketing Queue
L-5250,2026-08-29,Reese,Kestrel,reese.kestrel@tidewatermarket.example,Fraud Analyst,fraud_analyst,Tidewater Market,ACC-1058,marketplace,NA,1271,,Webinar,,identity,False,fraud_team_hiring@2026-08-30|qualified_chat_engaged@2026-09-11,Disqualified,,,,,,,No Fraud/IDV Use Case,Marketing Queue
L-5251,2026-02-14,Riley,Alder,riley.alder@highlandsavingsbank.example,Head of Fraud Prevention,head_of_fraud,Highland Savings Bank,ACC-1108,bank_community,NA,1451,6.1,Paid Social,,identity,True,qualified_chat_engaged@2026-02-27|email_reply_positive@2026-02-14|demo_request@2026-02-26,Disqualified,,,,,,,Competitor,Marketing Queue
L-5252,2026-07-26,Casey,Alder,casey.alder@mapleleafpay.example,BSA/AML Officer,risk_compliance,Maple Leaf Pay,ACC-1316,fintech,,591,,Paid Social,,identity,False,,Recycled,,,,,,,,Marketing Queue
L-5253,2026-05-08,Parker,Nash,parkernash@gmail.example,BSA/AML Officer,risk_compliance,Granite Peak Gaming,ACC-1332,igaming,NA,3757,,Outbound - Clay,,identity,False,email_reply_positive@2026-05-14|qualified_chat_engaged@2026-05-17|competitor_renewal_window@2026-05-12,Disqualified,2026-05-11,2026-05-12,30,,,,No Fraud/IDV Use Case,SDR - Eli Novak
L-5254,2026-01-31,Hayden,Nash,hayden.nash@unionsquarecreditunion.example,Fraud Operations Lead,fraud_analyst,Union Square Credit Union,ACC-1424,credit_union,NA,2174,7.3,Event,,identity,False,,Disqualified,2026-02-03,2026-02-04,30,,,,Competitor,SDR - Alex Rivera
L-5255,2026-02-06,Hayden,Alder,hayden.alder@oakmontfederalcreditunion.example,"Director, KYC Operations",risk_compliance,Oakmont Federal Credit Union,ACC-1216,credit_union,NA,65,2.9,Paid Social,,identity,True,fraud_team_hiring@2026-02-21|qualified_chat_engaged@2026-02-21|fraud_leader_job_change@2026-02-20,Recycled,2026-02-07,2026-02-09,50,2026-02-25,,,,SDR - Fran Moretti
L-5256,2026-06-04,Casey,Fairbanks,casey.fairbanks@evergreenconsulting.example,Office Manager,unknown,Evergreen Consulting,ACC-1239,other,EMEA,433,,Outbound - Clay,,identity,False,fraud_leader_job_change@2026-06-19|pricing_page_visit@2026-06-23|deepfake_webinar_attended@2026-06-13|qualified_chat_engaged@2026-06-19,Disqualified,,,,,,,Student/Job Seeker,Marketing Queue
L-5257,2026-04-22,Skyler,Nash,skyler.nash@prairiefirstwallet.example,"Director, Fraud Risk",head_of_fraud,Prairie First Wallet,ACC-1155,fintech,NA,2255,,Partner Referral,Fiserv,identity,False,fraud_leader_job_change@2026-04-30|fraud_leader_job_change@2026-04-27|pricing_page_visit@2026-05-08|demo_request@2026-04-24,Disqualified,2026-04-25,2026-04-25,6,,,,Duplicate,SDR - Chen Wu
L-5258,2026-09-25,Kendall,Thorne,kendall.thorne@silverlinemutual.example,Vendor Risk Manager,procurement_it,Silverline Mutual,ACC-1077,adjacent_regulated,NA,25947,,Demo Request,,identity,False,demo_request@2026-10-01|qualified_chat_engaged@2026-09-28,New,,,,,,,,Marketing Queue
L-5259,2026-04-20,Reese,Orwell,reese.orwell@summitridgeneo.example,"VP Product, Onboarding",fintech_product,Summit Ridge Neo,ACC-1085,fintech,NA,527,,Event,,identity,False,,Recycled,,,,,,,,Marketing Queue
L-5260,2026-08-17,Reese,Quill,reese.quill@westfieldmemberscu.example,"VP, Fraud Strategy",head_of_fraud,Westfield Members CU,ACC-1062,credit_union,NA,673,13.9,Outbound - Clay,,identity,True,demo_request@2026-08-24|competitor_renewal_window@2026-08-27,Working,2026-08-18,2026-08-18,3,,,,,SDR - Bri Okafor
L-5261,2026-08-04,Sage,Calloway,sage.calloway@unionsquarefederalcreditunion.example,Fraud Operations Lead,fraud_analyst,Union Square Federal Credit Union,ACC-1410,credit_union,NA,1843,5.2,Outbound - Clay,,check,False,email_reply_positive@2026-08-15|demo_request@2026-08-18|pricing_page_visit@2026-08-04,Working,2026-08-07,2026-08-07,1,,,,,SDR - Alex Rivera
L-5262,2026-08-07,Sage,Thorne,sage.thorne@highlandpay.example,BSA/AML Officer,risk_compliance,Highland Pay,ACC-1323,fintech,NA,1836,,Outbound - Clay,,identity,False,email_reply_positive@2026-08-16|fraud_leader_job_change@2026-08-18|demo_request@2026-08-15,Working,2026-08-08,2026-08-10,50,,,,,SDR - Fran Moretti
L-5263,2026-07-31,Sage,Rourke,sage.rourke@westfieldsportsbook.example,"VP Product, Onboarding",fintech_product,Westfield Sportsbook,ACC-1176,igaming,NA,828,,Content Download,,identity,False,qualified_chat_engaged@2026-08-01|email_reply_positive@2026-08-10|fraud_team_hiring@2026-08-04,Recycled,2026-08-02,2026-08-02,3,2026-08-18,,,,SDR - Chen Wu
L-5264,2026-09-20,Riley,Brooks,riley.brooks@mapleleafcreditunion.example,Fraud Operations Lead,fraud_analyst,Maple Leaf Credit Union,ACC-1371,credit_union,NA,1630,3.8,Demo Request,,identity,True,demo_request@2026-09-28|email_reply_positive@2026-10-01,SQL,2026-09-20,2026-09-21,30,2026-09-26,,,,SDR - Fran Moretti
L-5265,2026-07-03,Sage,Hollis,sage.hollis@riverbendneo.example,"VP, Fraud Strategy",head_of_fraud,Riverbend Neo,ACC-1321,fintech,NA,2984,,Paid Social,,identity,True,pricing_page_visit@2026-07-15,Converted,2026-07-05,2026-07-06,30,2026-07-19,2026-07-22,OPP-7015,,SDR - Dana Lopes
L-5266,2026-04-24,Sage,Marlow,sage.marlow@clearwatercreditunion.example,Senior Fraud Manager,fraud_analyst,Clearwater Credit Union,ACC-1066,credit_union,NA,953,0.6,Outbound - Sales Nav,,identity,True,,Recycled,,,,,,,,Marketing Queue
L-5267,2026-08-06,Casey,Pruitt,casey.pruitt@meridianinsurance.example,BSA/AML Officer,risk_compliance,Meridian Insurance,ACC-1352,adjacent_regulated,NA,5110,,Webinar,,identity,False,,Disqualified,,,,,,,Not ICP,Marketing Queue
L-5268,2026-03-26,Logan,Jessup,logan.jessup@copperstatesavingsbank.example,"Director, Digital Channels",head_of_digital_banking,Copper State Savings Bank,ACC-1242,bank_community,NA,1440,6.1,Partner Referral,CSI,identity,False,qualified_chat_engaged@2026-04-14|fraud_team_hiring@2026-03-29|qualified_chat_engaged@2026-04-06,Recycled,2026-03-28,2026-03-28,6,2026-03-30,,,,SDR - Dana Lopes
L-5269,2026-05-30,Parker,Alder,parker.alder@sterlingbancshares.example,BSA/AML Officer,risk_compliance,Sterling Bancshares,ACC-1024,bank_regional,APAC,12121,127.3,Content Download,,check,True,,Recycled,,,,,,,,Marketing Queue
L-5270,2026-09-05,Emerson,Ellery,emerson.ellery@stonebridgestatebank.example,Senior Fraud Manager,fraud_analyst,Stonebridge State Bank,ACC-1400,bank_community,NA,828,1.1,Webinar,,identity,False,email_reply_positive@2026-09-25|competitor_renewal_window@2026-09-19,New,,,,,,,,Marketing Queue
L-5271,2026-08-19,Riley,Rourke,riley.rourke@redwoodlend.example,"Head of Product, Identity",fintech_product,Redwood Lend,ACC-1276,fintech,NA,2497,,Paid Social,,identity,False,pricing_page_visit@2026-08-19|check_fraud_content_download@2026-09-05,Disqualified,,,,,,,Competitor,Marketing Queue
L-5272,2026-03-07,Skyler,Marlow,skyler.marlow@arborbank.example,"VP, Fraud Strategy",head_of_fraud,Arbor Bank,ACC-1257,bank_regional,EMEA,12955,233.3,Partner Referral,Abrigo,check,True,check_fraud_content_download@2026-03-13|deepfake_webinar_attended@2026-03-25|competitor_renewal_window@2026-03-09|email_reply_positive@2026-03-26,Converted,2026-03-08,2026-03-08,20,2026-03-18,2026-03-20,OPP-7016,,SDR - Eli Novak
L-5273,2026-03-19,Reese,Nash,reese.nash@crescentsportsbook.example,"Director, Trust & Safety",trust_and_safety,Crescent Sportsbook,ACC-1086,igaming,APAC,3701,,Webinar,,identity,False,qualified_chat_engaged@2026-03-23,Recycled,,,,,,,,Marketing Queue
L-5274,2026-06-17,Rowan,Dunmore,rowan.dunmore@mapleleafbet.example,"Director, KYC Operations",risk_compliance,Maple Leaf Bet,ACC-1199,igaming,EMEA,2000,,Webinar,,identity,False,fraud_leader_job_change@2026-06-25,Recycled,,,,,,,,Marketing Queue
L-5275,2026-05-22,Morgan,Pruitt,morganpruitt@gmail.example,Head of Fraud Prevention,head_of_fraud,Northgate Bancshares,ACC-1197,bank_regional,NA,7217,36.4,Qualified Chat,,check,False,qualified_chat_engaged@2026-06-04,Recycled,2026-05-22,2026-05-22,4,,,,,SDR - Dana Lopes
L-5276,2026-09-18,Jamie,Rourke,jamie.rourke@unionsquarestudio.example,IT Procurement Lead,procurement_it,Union Square Studio,ACC-1042,other,,156,,Content Download,,identity,False,pricing_page_visit@2026-09-29|email_reply_positive@2026-09-23,Disqualified,,,,,,,Not ICP,Marketing Queue
L-5277,2026-03-31,Kendall,Ingram,kendall.ingram@unionsquarecreditunion.example,BSA/AML Officer,risk_compliance,Union Square Credit Union,ACC-1424,credit_union,NA,2174,7.3,Qualified Chat,,identity,False,qualified_chat_engaged@2026-04-08,Recycled,,,,,,,,Marketing Queue
L-5278,2026-02-09,Riley,Ellery,riley.ellery@silverlinelabs.example,Consultant,unknown,Silverline Labs,ACC-1023,other,NA,395,,Paid Social,,identity,False,,Recycled,,,,,,,,Marketing Queue
L-5279,2026-08-24,Taylor,Orwell,taylor.orwell@lakeshorebancshares.example,Chief Risk Officer,risk_compliance,Lakeshore Bancshares,ACC-1325,bank_regional,NA,17175,136.1,Paid Social,,check,True,fraud_leader_job_change@2026-09-03,Recycled,,,,,,,,Marketing Queue
L-5280,2026-08-04,Avery,Orwell,avery.orwell@ironwoodmoney.example,"Director, Fraud Risk",head_of_fraud,Ironwood Money,ACC-1344,fintech,NA,1046,,Partner Referral,Data Advisor,identity,True,email_reply_positive@2026-08-06|qualified_chat_engaged@2026-08-21,Disqualified,,,,,,,No Fraud/IDV Use Case,Marketing Queue
L-5281,2026-08-29,Kendall,Jessup,kendall.jessup@unionsquarenationalbank.example,"Director, Fraud Risk",head_of_fraud,Union Square National Bank,ACC-1004,bank_tier1,NA,109194,1014.1,Event,,identity,True,competitor_renewal_window@2026-08-29|deepfake_webinar_attended@2026-08-29|check_fraud_content_download@2026-09-09|deepfake_webinar_attended@2026-08-31,Recycled,,,,,,,,Marketing Queue
L-5282,2026-01-08,Taylor,Sutter,taylor.sutter@granitepeakfederalcreditunion.example,"Director, Fraud Risk",head_of_fraud,Granite Peak Federal Credit Union,ACC-1361,credit_union,NA,1457,2.5,Content Download,,check,True,fraud_team_hiring@2026-01-11|check_fraud_content_download@2026-01-26|email_reply_positive@2026-01-23|pricing_page_visit@2026-01-25,Converted,2026-01-09,2026-01-09,2,2026-01-25,2026-01-26,OPP-7017,,SDR - Chen Wu
L-5283,2026-05-14,Hayden,Brooks,hayden.brooks@harborviewpay.example,"Group PM, Account Opening",fintech_product,Harborview Pay,ACC-1098,fintech,NA,585,,Partner Referral,Data Advisor,identity,False,,Recycled,,,,,,,,Marketing Queue
L-5284,2026-07-09,Skyler,Alder,skyler.alder@pinecrestmoney.example,VP Information Security,ciso_identity,Pinecrest Money,ACC-1238,fintech,NA,1978,,Partner Referral,Fiserv,identity,False,deepfake_webinar_attended@2026-07-10|check_fraud_content_download@2026-07-22|email_reply_positive@2026-07-23,Disqualified,,,,,,,Competitor,Marketing Queue
L-5285,2026-05-12,Reese,Calloway,reese.calloway@oakmontfederalcreditunion.example,Head of Deposit Products,head_of_digital_banking,Oakmont Federal Credit Union,ACC-1216,credit_union,NA,65,2.9,Content Download,,identity,True,,Recycled,,,,,,,,Marketing Queue
L-5286,2026-05-11,Skyler,Quill,skyler.quill@ironwoodbanktrust.example,Chief Risk Officer,risk_compliance,Ironwood Bank & Trust,ACC-1430,bank_regional,NA,18238,103.2,Demo Request,,identity,False,demo_request@2026-05-12,Disqualified,,,,,,,Competitor,Marketing Queue
L-5287,2026-06-14,Kendall,Nash,kendall.nash@northgatestatebank.example,Fraud Operations Lead,fraud_analyst,Northgate State Bank,ACC-1017,bank_community,NA,1060,1.2,Demo Request,,check,True,demo_request@2026-06-28|demo_request@2026-06-23,Converted,2026-06-17,2026-06-17,20,2026-07-01,2026-07-05,OPP-7018,,SDR - Alex Rivera
L-5288,2026-08-30,Logan,Garrow,,Fraud Operations Lead,fraud_analyst,Ironwood State Bank,ACC-1232,bank_community,NA,363,7.7,Outbound - Clay,,check,False,qualified_chat_engaged@2026-09-09|demo_request@2026-09-13|email_reply_positive@2026-09-09,Disqualified,,,,,,,Competitor,Marketing Queue
L-5289,2026-08-08,Jordan,Brooks,jordan.brooks@cedarvalleycommunitybank.example,BSA/AML Officer,risk_compliance,Cedar Valley Community Bank,ACC-1131,bank_community,NA,541,2.0,Outbound - Sales Nav,,identity,True,competitor_renewal_window@2026-08-13|deepfake_webinar_attended@2026-08-12,Working,2026-08-09,2026-08-09,3,,,,,SDR - Chen Wu
L-5290,2026-03-20,Hayden,Lowry,hayden.lowry@unionsquarenationalbank.example,Fraud Operations Lead,fraud_analyst,Union Square National Bank,ACC-1004,bank_tier1,NA,109194,1014.1,Qualified Chat,,check,True,qualified_chat_engaged@2026-03-21,Recycled,,,,,,,,Marketing Queue
L-5291,2026-06-23,Emerson,Brooks,emerson.brooks@mapleleafbanktrust.example,Senior Fraud Manager,fraud_analyst,Maple Leaf Bank & Trust,ACC-1354,bank_regional,EMEA,16358,41.7,Event,,check,True,fraud_team_hiring@2026-07-03|pricing_page_visit@2026-06-26,Recycled,,,,,,,,Marketing Queue
L-5292,2026-07-16,Avery,Calloway,avery.calloway@granitepeakneo.example,Chief Risk Officer,risk_compliance,Granite Peak Neo,ACC-1376,fintech,EMEA,1654,,Content Download,,identity,False,demo_request@2026-07-27,Disqualified,2026-07-19,2026-07-19,4,,,,Not ICP,SDR - Bri Okafor
L-5293,2026-04-27,Taylor,Alder,taylor.alder@lakeshorememberscu.example,"VP, Fraud Strategy",head_of_fraud,Lakeshore Members CU,ACC-1145,credit_union,NA,1521,9.4,Paid Social,,check,False,fraud_leader_job_change@2026-05-14|deepfake_webinar_attended@2026-05-02,Recycled,2026-04-28,2026-04-28,20,,,,,SDR - Chen Wu
L-5294,2026-07-13,Riley,Ellery,riley.ellery@sterlingstatebank.example,"VP, Fraud Strategy",head_of_fraud,Sterling State Bank,ACC-1233,bank_community,NA,1061,4.8,Event,,check,False,email_reply_positive@2026-08-01|fraud_team_hiring@2026-07-15,Recycled,2026-07-16,2026-07-16,8,2026-07-24,,,,SDR - Eli Novak
L-5295,2026-06-04,Drew,Ellery,drew.ellery@westfieldexchange.example,"Director, Trust & Safety",trust_and_safety,Westfield Exchange,ACC-1300,marketplace,EMEA,4667,,Webinar,,identity,True,demo_request@2026-06-24,Recycled,,,,,,,,Marketing Queue
L-5296,2026-03-31,Emerson,Fairbanks,emerson.fairbanks@bluemesapay.example,"Group PM, Account Opening",fintech_product,Blue Mesa Pay,ACC-1404,fintech,NA,2300,,Partner Referral,Data Advisor,identity,True,email_reply_positive@2026-04-11|competitor_renewal_window@2026-04-16,Disqualified,,,,,,,No Fraud/IDV Use Case,Marketing Queue
L-5297,2026-04-21,Rowan,Sutter,rowan.sutter@silverlinelend.example,"VP Product, Onboarding",fintech_product,Silverline Lend,ACC-1205,fintech,NA,1792,,Content Download,,identity,True,competitor_renewal_window@2026-04-28|fraud_team_hiring@2026-04-27|check_fraud_content_download@2026-05-04,Disqualified,2026-04-21,2026-04-21,3,,,,,SDR - Eli Novak
L-5298,2026-09-24,Hayden,Lowry,hayden.lowry@silverlinefederalcreditunion.example,Fraud Analyst,fraud_analyst,Silverline Federal Credit Union,ACC-1021,credit_union,NA,687,6.9,Event,,identity,False,competitor_renewal_window@2026-10-01,Working,2026-09-27,2026-09-27,4,,,,,SDR - Chen Wu
L-5299,2026-05-26,Morgan,Lowry,morgan.lowry@keystoneneo.example,"VP Product, Onboarding",fintech_product,Keystone Neo,ACC-1431,fintech,NA,2672,,Content Download,,identity,False,,Recycled,2026-05-28,2026-05-28,6,2026-06-12,,,,SDR - Fran Moretti
L-5300,2026-05-18,Logan,Alder,logan.alder@lakeshorebank.example,SVP Digital Banking,head_of_digital_banking,Lakeshore Bank,ACC-1309,bank_regional,NA,18366,122.0,Qualified Chat,,check,False,qualified_chat_engaged@2026-05-29|fraud_team_hiring@2026-05-30,Recycled,,,,,,,,Marketing Queue
L-5301,2026-09-26,Taylor,Nash,taylor.nash@copperstatesavingsbank.example,Head of Fraud Prevention,head_of_fraud,Copper State Savings Bank,ACC-1242,bank_community,NA,1440,6.1,Partner Referral,Data Advisor,check,False,competitor_renewal_window@2026-10-01|qualified_chat_engaged@2026-10-01,Working,2026-09-26,2026-09-26,8,,,,,SDR - Fran Moretti
L-5302,2026-07-05,Blake,Jessup,blake.jessup@unionsquarenationalbank.example,BSA/AML Officer,risk_compliance,Union Square National Bank,ACC-1004,bank_tier1,NA,109194,1014.1,Event,,check,True,fraud_team_hiring@2026-07-17,Recycled,,,,,,,,Marketing Queue
L-5303,2026-07-24,Blake,Marlow,blake.marlow@unionsquareagency.example,IT Procurement Lead,procurement_it,Union Square Agency,ACC-1290,other,NA,67,,Outbound - Clay,,identity,False,fraud_team_hiring@2026-07-26,Disqualified,,,,,,,Student/Job Seeker,Marketing Queue
L-5304,2026-02-27,Kendall,Pruitt,kendallpruitt@gmail.example,Head of Fraud Prevention,head_of_fraud,Maple Leaf Wallet,ACC-1047,fintech,APAC,866,,Partner Referral,Abrigo,identity,False,,Recycled,,,,,,,,Marketing Queue
L-5305,2026-02-09,Sage,Alder,sage.alder@stonebridgebank.example,IT Procurement Lead,procurement_it,Stonebridge Bank,ACC-1337,bank_regional,NA,2722,229.2,Outbound - Sales Nav,,identity,True,,Disqualified,,,,,,,Not ICP,Marketing Queue
L-5306,2026-07-23,Taylor,Jessup,taylor.jessup@copperstatewallet.example,"Group PM, Account Opening",fintech_product,Copper State Wallet,ACC-1380,fintech,NA,1381,,Content Download,,identity,False,,Disqualified,,,,,,,No Fraud/IDV Use Case,Marketing Queue
L-5307,2026-05-26,Casey,Orwell,casey.orwell@granitepeakwallet.example,"Director, Identity & Access Management",ciso_identity,Granite Peak Wallet,ACC-1366,fintech,EMEA,2734,,Content Download,,identity,False,,Recycled,,,,,,,,Marketing Queue
L-5308,2026-01-25,Reese,Marlow,reese.marlow@oakmontlabs.example,Office Manager,unknown,Oakmont Labs,ACC-1235,other,NA,245,,Demo Request,,identity,False,demo_request@2026-02-05,Disqualified,,,,,,,Not ICP,Marketing Queue
L-5309,2026-04-08,Quinn,Ingram,quinn.ingram@crescentneo.example,CISO,ciso_identity,Crescent Neo,ACC-1234,fintech,NA,2588,,Demo Request,,identity,False,demo_request@2026-04-15,Recycled,,,,,,,,Marketing Queue
L-5310,2026-03-08,Riley,Quill,riley.quill@unionsquaresavingsbank.example,Senior Fraud Manager,fraud_analyst,Union Square Savings Bank,ACC-1252,bank_community,NA,529,5.5,Event,,identity,True,,Converted,2026-03-09,2026-03-11,50,2026-03-13,2026-03-18,OPP-7019,,SDR - Dana Lopes
L-5311,2026-07-28,Riley,Ellery,riley.ellery@summitridgeplay.example,"VP Product, Onboarding",fintech_product,Summit Ridge Play,ACC-1175,igaming,EMEA,3748,,Content Download,,identity,False,demo_request@2026-08-05,Recycled,,,,,,,,Marketing Queue
L-5312,2026-03-17,Reese,Dunmore,reese.dunmore@silverlinemoney.example,VP Information Security,ciso_identity,Silverline Money,ACC-1365,fintech,EMEA,2389,,Outbound - Sales Nav,,identity,False,pricing_page_visit@2026-03-22|demo_request@2026-04-05|qualified_chat_engaged@2026-03-22,Converted,2026-03-17,2026-03-17,6,2026-03-24,2026-03-29,OPP-7020,,SDR - Eli Novak
L-5313,2026-01-29,Jordan,Thorne,jordanthorne@gmail.example,CISO,ciso_identity,Clearwater Lend,ACC-1110,fintech,NA,1513,,Partner Referral,Fiserv,identity,False,check_fraud_content_download@2026-02-12,Disqualified,,,,,,,No Fraud/IDV Use Case,Marketing Queue
L-5314,2026-08-08,Hayden,Quill,hayden.quill@stonebridgeneo.example,"Head of Product, Identity",fintech_product,Stonebridge Neo,ACC-1046,fintech,NA,365,,Qualified Chat,,identity,False,qualified_chat_engaged@2026-08-14|qualified_chat_engaged@2026-08-15|qualified_chat_engaged@2026-08-13|pricing_page_visit@2026-08-09,Working,2026-08-09,2026-08-09,4,,,,,SDR - Alex Rivera
L-5315,2026-02-28,Skyler,Alder,skyler.alder@silverlinenationalbank.example,CISO,ciso_identity,Silverline National Bank,ACC-1118,bank_tier1,NA,83780,1092.1,Event,,check,False,demo_request@2026-03-12,Recycled,,,,,,,,Marketing Queue
L-5316,2026-08-03,Quinn,Ingram,quinn.ingram@keystonesavingsbank.example,"VP, Fraud Strategy",head_of_fraud,Keystone Savings Bank,ACC-1034,bank_community,NA,439,1.2,Paid Social,,identity,False,competitor_renewal_window@2026-08-06|email_reply_positive@2026-08-21,Disqualified,,,,,,,Competitor,Marketing Queue
L-5317,2026-09-08,Sage,Hollis,sage.hollis@lakeshorebancshares.example,Chief Risk Officer,risk_compliance,Lakeshore Bancshares,ACC-1325,bank_regional,NA,17175,136.1,Demo Request,,check,True,demo_request@2026-09-20,SQL,2026-09-08,2026-09-08,6,2026-09-16,,,,SDR - Bri Okafor
L-5318,2026-06-05,Taylor,Brooks,taylor.brooks@riverbendcreditunion.example,Fraud Operations Lead,fraud_analyst,Riverbend Credit Union,ACC-1191,credit_union,NA,2867,5.7,Content Download,,identity,True,,Recycled,,,,,,,,Marketing Queue
L-5319,2026-09-28,Skyler,Hollis,skyler.hollis@bayfrontbanktrust.example,"VP, Fraud Strategy",head_of_fraud,Bayfront Bank & Trust,ACC-1402,bank_regional,NA,4498,11.2,Outbound - Clay,,check,True,check_fraud_content_download@2026-09-28|deepfake_webinar_attended@2026-10-01,Enriching,,,,,,,,Marketing Queue
L-5320,2026-09-28,Avery,Calloway,avery.calloway@harborviewcreditunion.example,Fraud Analyst,fraud_analyst,Harborview Credit Union,ACC-1311,credit_union,NA,1805,2.2,Event,,check,True,,MQL,2026-09-29,,,,,,,SDR - Eli Novak
L-5321,2026-05-05,Quinn,Garrow,quinn.garrow@unionsquarememberscu.example,"VP, Fraud Strategy",head_of_fraud,Union Square Members CU,ACC-1281,credit_union,NA,2822,2.6,Partner Referral,Fiserv,check,True,competitor_renewal_window@2026-05-14,Converted,2026-05-08,2026-05-08,4,2026-05-22,2026-05-24,OPP-7021,,SDR - Dana Lopes
L-5322,2026-09-20,Morgan,Jessup,morgan.jessup@bayfrontmemberscu.example,Fraud Operations Lead,fraud_analyst,Bayfront Members CU,ACC-1225,credit_union,NA,213,6.7,Outbound - Clay,,check,False,competitor_renewal_window@2026-09-20|fraud_team_hiring@2026-10-01,Working,2026-09-23,2026-09-23,6,,,,,SDR - Dana Lopes
L-5323,2026-03-15,Taylor,Alder,tayloralder@gmail.example,BSA/AML Officer,risk_compliance,Bayfront Bancshares,ACC-1036,bank_regional,NA,5080,69.7,Outbound - Sales Nav,,identity,True,,Disqualified,,,,,,,No Fraud/IDV Use Case,Marketing Queue
L-5324,2026-06-11,Rowan,Sutter,rowan.sutter@sterlingcommunitybank.example,Senior Fraud Manager,fraud_analyst,Sterling Community Bank,ACC-1196,bank_community,NA,1270,0.3,Demo Request,,identity,False,demo_request@2026-06-14,Disqualified,,,,,,,No Fraud/IDV Use Case,Marketing Queue
L-5325,2026-02-03,Avery,Ellery,avery.ellery@lakeshorebancshares.example,BSA/AML Officer,risk_compliance,Lakeshore Bancshares,ACC-1325,bank_regional,NA,17175,136.1,Outbound - Clay,,check,True,deepfake_webinar_attended@2026-02-10|competitor_renewal_window@2026-02-04|fraud_leader_job_change@2026-02-23,Recycled,2026-02-04,2026-02-04,1,2026-02-07,,,,SDR - Fran Moretti
L-5326,2026-09-27,Rowan,Sutter,rowan.sutter@westfieldexchange.example,Head of Trust & Safety,trust_and_safety,Westfield Exchange,ACC-1300,marketplace,EMEA,4667,,Content Download,,identity,True,pricing_page_visit@2026-10-01|check_fraud_content_download@2026-10-01|email_reply_positive@2026-10-01,New,,,,,,,,Marketing Queue
L-5327,2026-06-30,Reese,Alder,reese.alder@silverlinebancshares.example,Vendor Risk Manager,procurement_it,Silverline Bancshares,ACC-1055,bank_regional,NA,12735,58.9,Webinar,,check,False,deepfake_webinar_attended@2026-07-12,Disqualified,2026-07-03,2026-07-05,50,,,,Bad Data,SDR - Chen Wu
L-5328,2026-04-16,Riley,Orwell,riley.orwell@granitepeaklend.example,"Director, Fraud Risk",head_of_fraud,Granite Peak Lend,ACC-1095,fintech,NA,1815,,Outbound - Sales Nav,,identity,False,,Recycled,2026-04-17,2026-04-17,4,2026-05-03,,,,SDR - Alex Rivera
L-5329,2026-03-31,Drew,Calloway,drew.calloway@clearwaterlabs.example,Vendor Risk Manager,procurement_it,Clearwater Labs,ACC-1444,other,EMEA,351,,Demo Request,,identity,False,demo_request@2026-04-03,Disqualified,,,,,,,Bad Data,Marketing Queue
L-5330,2026-01-08,Rowan,Thorne,rowan.thorne@stonebridgemoney.example,BSA/AML Officer,risk_compliance,Stonebridge Money,ACC-1031,fintech,NA,2929,,Qualified Chat,,identity,False,qualified_chat_engaged@2026-01-08,Disqualified,2026-01-11,2026-01-12,30,,,,Student/Job Seeker,SDR - Chen Wu
L-5331,2026-07-08,Skyler,Dunmore,skylerdunmore@gmail.example,"VP, Fraud Strategy",head_of_fraud,Tidewater Pay,ACC-1418,fintech,EMEA,1502,,Outbound - Clay,,identity,False,demo_request@2026-07-19,Disqualified,2026-07-09,2026-07-09,1,,,,Bad Data,SDR - Chen Wu
L-5332,2026-09-05,Cameron,Brooks,cameron.brooks@pinecrestlabs.example,IT Procurement Lead,procurement_it,Pinecrest Labs,ACC-1231,other,NA,79,,Partner Referral,Data Advisor,identity,False,demo_request@2026-09-25|fraud_leader_job_change@2026-09-05,Disqualified,,,,,,,Not ICP,Marketing Queue
L-5333,2026-07-02,Sage,Brooks,sage.brooks@keystonefederalcreditunion.example,Head of Deposit Products,head_of_digital_banking,Keystone Federal Credit Union,ACC-1378,credit_union,NA,872,5.7,Outbound - Clay,,identity,True,competitor_renewal_window@2026-07-05|fraud_team_hiring@2026-07-11|deepfake_webinar_attended@2026-07-06|email_reply_positive@2026-07-20,Disqualified,,,,,,,No Fraud/IDV Use Case,Marketing Queue
L-5334,2026-05-08,Hayden,Alder,hayden.alder@stonebridgeinsurance.example,"Director, KYC Operations",risk_compliance,Stonebridge Insurance,ACC-1059,adjacent_regulated,NA,1570,,Content Download,,identity,False,qualified_chat_engaged@2026-05-11,Disqualified,,,,,,,Not ICP,Marketing Queue
L-5335,2026-03-09,Skyler,Marlow,skyler.marlow@cedarvalleyexchange.example,Senior Fraud Manager,fraud_analyst,Cedar Valley Exchange,ACC-1243,marketplace,NA,3216,,Webinar,,identity,False,competitor_renewal_window@2026-03-11|fraud_leader_job_change@2026-03-16|qualified_chat_engaged@2026-03-29,Disqualified,,,,,,,Competitor,Marketing Queue
L-5336,2026-04-29,Morgan,Dunmore,morgan.dunmore@keystonerentals.example,Head of Trust & Safety,trust_and_safety,Keystone Rentals,ACC-1413,marketplace,NA,2346,,Paid Social,,identity,False,,Disqualified,,,,,,,Not ICP,Marketing Queue
L-5337,2026-07-18,Rowan,Nash,rowan.nash@tidewaterstatebank.example,Chief Risk Officer,risk_compliance,Tidewater State Bank,ACC-1436,bank_community,NA,281,5.9,Qualified Chat,,check,True,qualified_chat_engaged@2026-07-24,Disqualified,,,,,,,Not ICP,Marketing Queue
L-5338,2026-06-15,Reese,Ellery,reese.ellery@ironwoodfederalcreditunion.example,Fraud Analyst,fraud_analyst,Ironwood Federal Credit Union,ACC-1275,credit_union,NA,2874,7.6,Webinar,,check,False,check_fraud_content_download@2026-06-22|competitor_renewal_window@2026-06-29|pricing_page_visit@2026-07-04,Recycled,,,,,,,,Marketing Queue
L-5339,2026-09-06,Skyler,Ellery,skyler.ellery@ironwoodplay.example,"Group PM, Account Opening",fintech_product,Ironwood Play,ACC-1140,igaming,NA,1861,,Content Download,,identity,False,fraud_team_hiring@2026-09-07,New,,,,,,,,Marketing Queue
L-5340,2026-04-06,Rowan,Kestrel,rowan.kestrel@granitepeakneo.example,"Group PM, Account Opening",fintech_product,Granite Peak Neo,ACC-1376,fintech,EMEA,1654,,Outbound - Sales Nav,,identity,False,check_fraud_content_download@2026-04-11|demo_request@2026-04-23,Converted,2026-04-09,2026-04-09,20,2026-04-22,2026-04-27,OPP-7022,,SDR - Eli Novak
L-5341,2026-03-13,Quinn,Sutter,quinn.sutter@silverlinehub.example,Head of Trust & Safety,trust_and_safety,Silverline Hub,ACC-1201,marketplace,,305,,Event,,identity,True,demo_request@2026-03-22|competitor_renewal_window@2026-04-02,Converted,2026-03-14,2026-03-14,4,2026-03-27,2026-04-01,OPP-7023,,SDR - Fran Moretti
L-5342,2026-07-16,Parker,Fairbanks,parker.fairbanks@bayfrontbanktrust.example,"Director, Digital Channels",head_of_digital_banking,Bayfront Bank & Trust,ACC-1402,bank_regional,NA,4498,11.2,Outbound - Clay,,identity,True,pricing_page_visit@2026-07-17|qualified_chat_engaged@2026-07-27,Converted,2026-07-17,2026-07-17,20,2026-07-20,2026-07-23,OPP-7024,,SDR - Bri Okafor
L-5343,2026-07-16,Avery,Dunmore,avery.dunmore@northgatemarket.example,Fraud Operations Lead,fraud_analyst,Northgate Market,ACC-1334,marketplace,,1343,,Demo Request,,identity,False,demo_request@2026-07-24|competitor_renewal_window@2026-07-27,Disqualified,,,,,,,Not ICP,Marketing Queue
L-5344,2026-05-25,Hayden,Jessup,hayden.jessup@redwoodbanktrust.example,Fraud Operations Lead,fraud_analyst,Redwood Bank & Trust,ACC-1293,bank_regional,NA,14916,207.6,Demo Request,,check,True,demo_request@2026-06-06|competitor_renewal_window@2026-06-14,Disqualified,,,,,,,Competitor,Marketing Queue
L-5345,2026-09-12,Riley,Garrow,riley.garrow@evergreenmemberscu.example,Fraud Analyst,fraud_analyst,Evergreen Members CU,ACC-1010,credit_union,NA,1534,2.6,Demo Request,,check,True,demo_request@2026-10-01,New,,,,,,,,Marketing Queue
L-5346,2026-06-14,Quinn,Calloway,quinn.calloway@prairiefirstexchange.example,"Head of Product, Identity",fintech_product,Prairie First Exchange,ACC-1284,marketplace,,679,,Demo Request,,identity,False,demo_request@2026-07-04,Converted,2026-06-14,2026-06-16,50,2026-06-26,2026-07-01,OPP-7025,,SDR - Alex Rivera
L-5347,2026-08-20,Blake,Quill,blake.quill@tidewatercreditunion.example,Chief Risk Officer,risk_compliance,Tidewater Credit Union,ACC-1265,credit_union,NA,1639,13.1,Webinar,,check,True,fraud_leader_job_change@2026-09-05|fraud_leader_job_change@2026-09-08,Converted,2026-08-21,2026-08-21,3,2026-09-05,2026-09-06,OPP-7026,,SDR - Eli Novak
L-5348,2026-03-11,Drew,Ingram,drew.ingram@bayfrontexchange.example,"Head of Product, Identity",fintech_product,Bayfront Exchange,ACC-1183,marketplace,NA,3282,,Outbound - Clay,,identity,True,,Recycled,,,,,,,,Marketing Queue
L-5349,2026-04-19,Logan,Quill,logan.quill@tidewaterlend.example,"VP, Fraud Strategy",head_of_fraud,Tidewater Lend,ACC-1355,fintech,NA,1292,,Demo Request,,identity,False,demo_request@2026-05-09|deepfake_webinar_attended@2026-04-30,Converted,2026-04-22,2026-04-22,20,2026-05-03,2026-05-05,OPP-7027,,SDR - Fran Moretti
L-5350,2026-02-07,Jamie,Ingram,jamieingram@gmail.example,Student,unknown,Summit Ridge Consulting,ACC-1280,other,NA,212,,Event,,identity,False,fraud_leader_job_change@2026-02-17|check_fraud_content_download@2026-02-11,Recycled,,,,,,,,Marketing Queue
L-5351,2026-09-12,Drew,Thorne,drew.thorne@highlandlend.example,"Director, KYC Operations",risk_compliance,Highland Lend,ACC-1269,fintech,NA,582,,Demo Request,,identity,True,demo_request@2026-09-29,SQL,2026-09-15,2026-09-15,3,2026-09-28,,,,SDR - Eli Novak
L-5352,2026-09-06,Casey,Ellery,casey.ellery@unionsquareinsurance.example,BSA/AML Officer,risk_compliance,Union Square Insurance,ACC-1435,adjacent_regulated,NA,9206,,Webinar,,identity,False,email_reply_positive@2026-09-10,Working,2026-09-08,2026-09-08,4,,,,,SDR - Bri Okafor
L-5353,2026-09-01,Jamie,Jessup,jamie.jessup@bayfrontgaming.example,Head of Trust & Safety,trust_and_safety,Bayfront Gaming,ACC-1224,igaming,NA,3463,,Partner Referral,CSI,identity,False,fraud_team_hiring@2026-09-17,Working,2026-09-03,2026-09-03,2,,,,,SDR - Alex Rivera
L-5354,2026-02-03,Sage,Ellery,sage.ellery@sterlingnationalbank.example,Fraud Operations Lead,fraud_analyst,Sterling National Bank,ACC-1084,bank_tier1,EMEA,77367,733.7,Demo Request,,check,False,demo_request@2026-02-18|demo_request@2026-02-16,Disqualified,2026-02-04,2026-02-04,1,,,,Competitor,SDR - Eli Novak
L-5355,2026-08-22,Cameron,Ellery,cameron.ellery@granitepeakstatebank.example,"Director, Digital Channels",head_of_digital_banking,Granite Peak State Bank,ACC-1350,bank_community,NA,1270,8.8,Webinar,,identity,True,email_reply_positive@2026-08-29|pricing_page_visit@2026-08-24,Working,2026-08-23,2026-08-23,8,,,,,SDR - Bri Okafor
L-5356,2026-06-02,Avery,Sutter,avery.sutter@redwoodmemberscu.example,SVP Digital Banking,head_of_digital_banking,Redwood Members CU,ACC-1425,credit_union,NA,848,6.9,Paid Social,,check,True,check_fraud_content_download@2026-06-08,Disqualified,,,,,,,No Fraud/IDV Use Case,Marketing Queue
L-5357,2026-06-22,Quinn,Marlow,quinn.marlow@prairiefirstbanktrust.example,Senior Fraud Manager,fraud_analyst,Prairie First Bank & Trust,ACC-1315,bank_regional,NA,13480,191.2,Paid Social,,identity,True,demo_request@2026-07-03,Converted,2026-06-23,2026-06-23,20,2026-07-02,2026-07-07,OPP-7028,,SDR - Dana Lopes
L-5358,2026-07-10,Casey,Lowry,,Chief Risk Officer,risk_compliance,Riverbend Credit Union,ACC-1191,credit_union,NA,2867,5.7,Outbound - Clay,,check,True,email_reply_positive@2026-07-18|qualified_chat_engaged@2026-07-24|competitor_renewal_window@2026-07-15,Recycled,2026-07-12,2026-07-12,1,2026-07-20,,,,SDR - Fran Moretti
L-5359,2026-05-21,Casey,Kestrel,casey.kestrel@keystonehealth.example,BSA/AML Officer,risk_compliance,Keystone Health,ACC-1101,adjacent_regulated,EMEA,1906,,Demo Request,,identity,False,demo_request@2026-06-05,Disqualified,,,,,,,Competitor,Marketing Queue
L-5360,2026-03-01,Avery,Hollis,avery.hollis@falconcreditunion.example,Head of Deposit Products,head_of_digital_banking,Falcon Credit Union,ACC-1067,credit_union,NA,1183,5.4,Qualified Chat,,identity,False,qualified_chat_engaged@2026-03-17,Disqualified,,,,,,,No Fraud/IDV Use Case,Marketing Queue
L-5361,2026-08-12,Riley,Ingram,riley.ingram@lakeshorefinancialgroup.example,"Director, Fraud Risk",head_of_fraud,Lakeshore Financial Group,ACC-1248,bank_tier1,APAC,147473,778.0,Content Download,,identity,False,email_reply_positive@2026-08-17|deepfake_webinar_attended@2026-08-20,Working,2026-08-12,2026-08-14,50,,,,,SDR - Fran Moretti
L-5362,2026-05-02,Taylor,Ellery,taylor.ellery@highlandbank.example,"Director, Digital Channels",head_of_digital_banking,Highland Bank,ACC-1324,bank_regional,NA,16953,219.5,Demo Request,,check,False,demo_request@2026-05-10,Recycled,,,,,,,,Marketing Queue
L-5363,2026-04-28,Hayden,Brooks,hayden.brooks@highlandbank.example,SVP Digital Banking,head_of_digital_banking,Highland Bank,ACC-1324,bank_regional,NA,16953,219.5,Event,,identity,False,demo_request@2026-05-14,Disqualified,,,,,,,Not ICP,Marketing Queue
L-5364,2026-01-05,Drew,Thorne,drew.thorne@falconhub.example,Head of Trust & Safety,trust_and_safety,Falcon Hub,ACC-1093,marketplace,NA,2931,,Qualified Chat,,identity,False,qualified_chat_engaged@2026-01-11|check_fraud_content_download@2026-01-20,Recycled,,,,,,,,Marketing Queue
L-5365,2026-03-12,Sage,Thorne,sage.thorne@redwoodfederalcreditunion.example,"Director, Digital Channels",head_of_digital_banking,Redwood Federal Credit Union,ACC-1342,credit_union,NA,2695,4.0,Event,,check,True,fraud_leader_job_change@2026-03-30,Recycled,,,,,,,,Marketing Queue
L-5366,2026-01-26,Emerson,Dunmore,emerson.dunmore@copperstatewallet.example,"VP Product, Onboarding",fintech_product,Copper State Wallet,ACC-1380,fintech,NA,1381,,Content Download,,identity,False,,Recycled,2026-01-29,2026-01-29,4,,,,,SDR - Dana Lopes
L-5367,2026-07-01,Morgan,Pruitt,morgan.pruitt@unionsquarememberscu.example,BSA/AML Officer,risk_compliance,Union Square Members CU,ACC-1281,credit_union,NA,2822,2.6,Event,,check,True,qualified_chat_engaged@2026-07-14,Converted,2026-07-03,2026-07-03,3,2026-07-14,2026-07-19,OPP-7029,,SDR - Dana Lopes
L-5368,2026-03-30,Kendall,Ingram,,"Director, Digital Channels",head_of_digital_banking,Granite Peak State Bank,ACC-1350,bank_community,NA,1270,8.8,Outbound - Sales Nav,,check,True,fraud_team_hiring@2026-04-16|fraud_team_hiring@2026-04-11,Recycled,,,,,,,,Marketing Queue
L-5369,2026-06-09,Riley,Fairbanks,riley.fairbanks@sterlingstatebank.example,"Director, KYC Operations",risk_compliance,Sterling State Bank,ACC-1233,bank_community,NA,1061,4.8,Content Download,,identity,False,check_fraud_content_download@2026-06-26,Disqualified,2026-06-10,2026-06-10,6,,,,Duplicate,SDR - Bri Okafor
L-5370,2026-03-05,Drew,Ellery,drew.ellery@unionsquarehub.example,"Director, Trust & Safety",trust_and_safety,Union Square Hub,ACC-1421,marketplace,NA,857,,Qualified Chat,,identity,False,qualified_chat_engaged@2026-03-15|qualified_chat_engaged@2026-03-22,Recycled,2026-03-05,2026-03-05,1,,,,,SDR - Bri Okafor
L-5371,2026-02-28,Taylor,Sutter,taylor.sutter@cedarvalleycommunitybank.example,Head of Deposit Products,head_of_digital_banking,Cedar Valley Community Bank,ACC-1131,bank_community,NA,541,2.0,Outbound - Clay,,identity,True,check_fraud_content_download@2026-03-20|email_reply_positive@2026-03-06|competitor_renewal_window@2026-03-07|fraud_leader_job_change@2026-03-08,Disqualified,2026-03-01,2026-03-01,20,,,,Not ICP,SDR - Bri Okafor
L-5372,2026-04-11,Kendall,Garrow,kendall.garrow@cedarvalleyplay.example,Chief Risk Officer,risk_compliance,Cedar Valley Play,ACC-1417,igaming,LATAM,2012,,Outbound - Sales Nav,,identity,False,pricing_page_visit@2026-05-01|check_fraud_content_download@2026-04-11|check_fraud_content_download@2026-04-16|pricing_page_visit@2026-04-23,Recycled,2026-04-14,2026-04-14,2,,,,,SDR - Eli Novak
L-5373,2026-07-20,Jordan,Ellery,jordan.ellery@meridianconsulting.example,Marketing Coordinator,unknown,Meridian Consulting,ACC-1051,other,EMEA,194,,Qualified Chat,,identity,False,qualified_chat_engaged@2026-08-09,Disqualified,,,,,,,Bad Data,Marketing Queue
L-5374,2026-06-27,Emerson,Fairbanks,emerson.fairbanks@oakmontlend.example,"Group PM, Account Opening",fintech_product,Oakmont Lend,ACC-1405,fintech,NA,1724,,Demo Request,,identity,False,demo_request@2026-07-15,Converted,2026-06-29,2026-07-01,50,2026-07-16,2026-07-20,OPP-7030,,SDR - Dana Lopes
L-5375,2026-04-29,Cameron,Jessup,cameron.jessup@arborbancorp.example,"VP, Fraud Strategy",head_of_fraud,Arbor Bancorp,ACC-1072,bank_tier1,NA,195801,791.8,Qualified Chat,,identity,True,qualified_chat_engaged@2026-05-03,Disqualified,,,,,,,Not ICP,Marketing Queue
L-5376,2026-05-29,Skyler,Dunmore,skyler.dunmore@keystonewallet.example,"VP Product, Onboarding",fintech_product,Keystone Wallet,ACC-1114,fintech,NA,898,,Event,,identity,False,,Converted,2026-05-29,2026-05-29,3,2026-06-08,2026-06-09,OPP-7031,,SDR - Fran Moretti
L-5377,2026-05-31,Casey,Ellery,casey.ellery@highlandwallet.example,Chief Risk Officer,risk_compliance,Highland Wallet,ACC-1351,fintech,NA,2340,,Event,,identity,True,check_fraud_content_download@2026-06-15|fraud_leader_job_change@2026-06-08|qualified_chat_engaged@2026-05-31,Disqualified,,,,,,,No Fraud/IDV Use Case,Marketing Queue
L-5378,2026-05-27,Casey,Fairbanks,casey.fairbanks@clearwaterbancshares.example,Fraud Operations Lead,fraud_analyst,Clearwater Bancshares,ACC-1295,bank_regional,NA,7462,194.3,Webinar,,identity,True,,Disqualified,,,,,,,No Fraud/IDV Use Case,Marketing Queue
L-5379,2026-05-10,Blake,Pruitt,blake.pruitt@ironwoodmarket.example,Head of Trust & Safety,trust_and_safety,Ironwood Market,ACC-1170,marketplace,NA,2880,,Outbound - Clay,,identity,False,competitor_renewal_window@2026-05-27,Recycled,,,,,,,,Marketing Queue
L-5380,2026-05-05,Avery,Lowry,avery.lowry@arborlend.example,"VP Product, Onboarding",fintech_product,Arbor Lend,ACC-1359,fintech,NA,2826,,Event,,identity,False,,Recycled,,,,,,,,Marketing Queue
L-5381,2026-03-19,Casey,Dunmore,casey.dunmore@silverlineagency.example,Office Manager,unknown,Silverline Agency,ACC-1150,other,NA,252,,Partner Referral,Data Advisor,identity,False,deepfake_webinar_attended@2026-03-20,Disqualified,,,,,,,Not ICP,Marketing Queue
L-5382,2026-02-28,Casey,Lowry,casey.lowry@northgateplay.example,"Director, KYC Operations",risk_compliance,Northgate Play,ACC-1190,igaming,NA,3464,,Demo Request,,identity,False,demo_request@2026-02-28,Disqualified,2026-03-03,2026-03-03,3,,,,Bad Data,SDR - Fran Moretti
L-5383,2026-08-03,Riley,Ellery,riley.ellery@arbormemberscu.example,Fraud Operations Lead,fraud_analyst,Arbor Members CU,ACC-1153,credit_union,NA,1134,12.3,Event,,check,True,demo_request@2026-08-12,Recycled,,,,,,,,Marketing Queue
L-5384,2026-05-17,Sage,Marlow,sage.marlow@lakeshorebanktrust.example,Fraud Operations Lead,fraud_analyst,Lakeshore Bank & Trust,ACC-1448,bank_regional,NA,8911,134.7,Partner Referral,CSI,check,True,fraud_team_hiring@2026-05-22|check_fraud_content_download@2026-05-19,Recycled,,,,,,,,Marketing Queue
L-5385,2026-02-13,Quinn,Brooks,quinn.brooks@ironwoodfinancialgroup.example,Fraud Analyst,fraud_analyst,Ironwood Financial Group,ACC-1286,bank_tier1,NA,167239,573.8,Outbound - Sales Nav,,check,False,fraud_team_hiring@2026-02-25,Disqualified,2026-02-13,2026-02-13,2,,,,,SDR - Eli Novak
L-5386,2026-04-23,Jordan,Hollis,jordan.hollis@meridianrentals.example,"Director, Trust & Safety",trust_and_safety,Meridian Rentals,ACC-1054,marketplace,,926,,Qualified Chat,,identity,False,qualified_chat_engaged@2026-04-29|email_reply_positive@2026-04-29,Recycled,2026-04-26,2026-04-26,1,2026-04-29,,,,SDR - Chen Wu
L-5387,2026-06-15,Sage,Dunmore,sage.dunmore@meridiancreditunion.example,"VP, Fraud Strategy",head_of_fraud,Meridian Credit Union,ACC-1203,credit_union,NA,1359,9.2,Outbound - Clay,,check,True,pricing_page_visit@2026-06-18|fraud_leader_job_change@2026-06-28,Recycled,2026-06-18,2026-06-19,30,,,,,SDR - Fran Moretti
L-5388,2026-02-21,Emerson,Ellery,emerson.ellery@cedarvalleyhealth.example,VP Information Security,ciso_identity,Cedar Valley Health,ACC-1237,adjacent_regulated,NA,16815,,Content Download,,identity,False,pricing_page_visit@2026-02-26|email_reply_positive@2026-03-09|email_reply_positive@2026-03-03,Recycled,,,,,,,,Marketing Queue
L-5389,2026-04-21,Riley,Orwell,riley.orwell@prairiefirstbank.example,Head of Deposit Products,head_of_digital_banking,Prairie First Bank,ACC-1198,bank_regional,NA,2017,51.8,Demo Request,,check,True,demo_request@2026-04-24|demo_request@2026-04-25|check_fraud_content_download@2026-05-08|qualified_chat_engaged@2026-05-06,Recycled,2026-04-23,2026-04-23,8,2026-04-27,,,,SDR - Chen Wu
L-5390,2026-03-17,Cameron,Quill,cameron.quill@silverlinemarket.example,"Group PM, Account Opening",fintech_product,Silverline Market,ACC-1390,marketplace,NA,309,,Demo Request,,identity,True,demo_request@2026-03-18|fraud_leader_job_change@2026-03-26|fraud_team_hiring@2026-03-30|pricing_page_visit@2026-03-31,Recycled,2026-03-20,2026-03-22,50,,,,,SDR - Alex Rivera
L-5391,2026-01-09,Jamie,Marlow,jamie.marlow@granitepeakmoney.example,"Director, Fraud Risk",head_of_fraud,Granite Peak Money,ACC-1379,fintech,NA,2296,,Webinar,,identity,False,check_fraud_content_download@2026-01-21|pricing_page_visit@2026-01-27|fraud_team_hiring@2026-01-11,Disqualified,2026-01-12,2026-01-14,50,,,,Not ICP,SDR - Alex Rivera
L-5392,2026-04-17,Kendall,Pruitt,kendall.pruitt@meridiancreditunion.example,Fraud Analyst,fraud_analyst,Meridian Credit Union,ACC-1203,credit_union,NA,1359,9.2,Outbound - Clay,,check,True,fraud_leader_job_change@2026-04-27,Converted,2026-04-17,2026-04-19,50,2026-04-28,2026-04-29,OPP-7032,,SDR - Eli Novak
L-5393,2026-02-05,Avery,Nash,avery.nash@stonebridgelend.example,"Director, Identity & Access Management",ciso_identity,Stonebridge Lend,ACC-1396,fintech,NA,2244,,Event,,identity,False,competitor_renewal_window@2026-02-11|demo_request@2026-02-11,Recycled,2026-02-05,2026-02-05,6,2026-02-11,,,,SDR - Eli Novak
L-5394,2026-05-17,Cameron,Nash,cameron.nash@prairiefirststudio.example,Enterprise Architect,procurement_it,Prairie First Studio,ACC-1109,other,NA,40,,Webinar,,identity,False,qualified_chat_engaged@2026-05-30|fraud_leader_job_change@2026-05-26|pricing_page_visit@2026-05-23,Recycled,,,,,,,,Marketing Queue
L-5395,2026-04-16,Casey,Orwell,casey.orwell@mapleleafbet.example,Chief Risk Officer,risk_compliance,Maple Leaf Bet,ACC-1199,igaming,EMEA,2000,,Demo Request,,identity,False,demo_request@2026-04-26|fraud_leader_job_change@2026-04-16,Recycled,2026-04-19,2026-04-19,6,,,,,SDR - Fran Moretti
L-5396,2026-01-23,Kendall,Marlow,kendall.marlow@mapleleafneo.example,"Head of Product, Identity",fintech_product,Maple Leaf Neo,ACC-1230,fintech,NA,1461,,Content Download,,identity,False,deepfake_webinar_attended@2026-02-05|email_reply_positive@2026-01-28,Recycled,2026-01-23,2026-01-23,8,,,,,SDR - Eli Novak
L-5397,2026-09-17,Blake,Nash,blake.nash@westfieldhealth.example,VP Information Security,ciso_identity,Westfield Health,ACC-1419,adjacent_regulated,NA,8334,,Outbound - Sales Nav,,identity,False,fraud_leader_job_change@2026-09-28,Working,2026-09-18,2026-09-19,30,,,,,SDR - Bri Okafor
L-5398,2026-07-19,Riley,Calloway,riley.calloway@silverlinesavingsbank.example,Senior Fraud Manager,fraud_analyst,Silverline Savings Bank,ACC-1277,bank_community,NA,260,1.1,Paid Social,,identity,False,fraud_team_hiring@2026-08-08|check_fraud_content_download@2026-08-07|qualified_chat_engaged@2026-07-21,Recycled,2026-07-19,2026-07-20,30,,,,,SDR - Bri Okafor
L-5399,2026-07-19,Cameron,Orwell,cameron.orwell@keystonewallet.example,CISO,ciso_identity,Keystone Wallet,ACC-1114,fintech,NA,898,,Demo Request,,identity,False,demo_request@2026-07-22,Disqualified,,,,,,,Not ICP,Marketing Queue
L-5400,2026-05-22,Avery,Nash,avery.nash@highlandbancshares.example,BSA/AML Officer,risk_compliance,Highland Bancshares,ACC-1259,bank_regional,NA,6285,43.0,Paid Social,,identity,True,fraud_team_hiring@2026-05-29,Recycled,,,,,,,,Marketing Queue
L-5401,2026-08-13,Logan,Nash,logan.nash@copperstatememberscu.example,"Director, Fraud Risk",head_of_fraud,Copper State Members CU,ACC-1171,credit_union,NA,1064,7.0,Content Download,,check,True,fraud_team_hiring@2026-08-19|fraud_team_hiring@2026-08-14,Converted,2026-08-15,2026-08-17,50,2026-08-22,2026-08-23,OPP-7033,,SDR - Eli Novak
L-5402,2026-05-18,Kendall,Rourke,kendall.rourke@cedarvalleysportsbook.example,Head of Trust & Safety,trust_and_safety,Cedar Valley Sportsbook,ACC-1401,igaming,NA,2965,,Partner Referral,Abrigo,identity,False,deepfake_webinar_attended@2026-05-20|qualified_chat_engaged@2026-05-18|fraud_team_hiring@2026-05-18|pricing_page_visit@2026-05-18,Disqualified,2026-05-19,2026-05-20,30,,,,Competitor,SDR - Chen Wu
L-5403,2026-07-17,Avery,Sutter,avery.sutter@riverbendsavingsbank.example,Head of Fraud Prevention,head_of_fraud,Riverbend Savings Bank,ACC-1099,bank_community,NA,720,2.4,Paid Social,,check,True,check_fraud_content_download@2026-07-19|pricing_page_visit@2026-08-06,Recycled,2026-07-19,2026-07-19,6,,,,,SDR - Bri Okafor
L-5404,2026-09-13,Morgan,Garrow,morgan.garrow@granitepeakmemberscu.example,SVP Digital Banking,head_of_digital_banking,Granite Peak Members CU,ACC-1200,credit_union,NA,217,11.0,Qualified Chat,,identity,False,qualified_chat_engaged@2026-10-01,New,,,,,,,,Marketing Queue
L-5405,2026-01-10,Parker,Thorne,,Chief Risk Officer,risk_compliance,Lakeshore Federal Credit Union,ACC-1092,credit_union,,1635,13.6,Webinar,,identity,False,demo_request@2026-01-13|fraud_leader_job_change@2026-01-21,Recycled,,,,,,,,Marketing Queue
L-5406,2026-04-25,Taylor,Alder,taylor.alder@tidewatercreditunion.example,Head of Fraud Prevention,head_of_fraud,Tidewater Credit Union,ACC-1265,credit_union,NA,1639,13.1,Event,,check,True,,Disqualified,2026-04-28,2026-04-28,4,,,,Bad Data,SDR - Dana Lopes
L-5407,2026-08-16,Logan,Sutter,logan.sutter@riverbendlend.example,"Director, Identity & Access Management",ciso_identity,Riverbend Lend,ACC-1381,fintech,LATAM,2658,,Partner Referral,Data Advisor,identity,False,check_fraud_content_download@2026-08-21|deepfake_webinar_attended@2026-08-24|fraud_team_hiring@2026-08-19,Recycled,,,,,,,,Marketing Queue
L-5408,2026-06-17,Morgan,Orwell,morgan.orwell@lakeshorewallet.example,Chief Risk Officer,risk_compliance,Lakeshore Wallet,ACC-1305,fintech,,1310,,Demo Request,,identity,False,demo_request@2026-06-23|fraud_leader_job_change@2026-06-28,Disqualified,2026-06-20,2026-06-20,6,,,,Existing Open Opp,SDR - Chen Wu
L-5409,2026-07-07,Cameron,Lowry,cameron.lowry@cedarvalleypay.example,"Director, Fraud Risk",head_of_fraud,Cedar Valley Pay,ACC-1219,fintech,NA,2560,,Content Download,,identity,True,,Recycled,2026-07-07,2026-07-07,8,2026-07-18,,,,SDR - Alex Rivera
L-5410,2026-04-23,Drew,Thorne,drew.thorne@northgatebancshares.example,BSA/AML Officer,risk_compliance,Northgate Bancshares,ACC-1197,bank_regional,NA,7217,36.4,Partner Referral,Abrigo,check,False,,Disqualified,,,,,,,Competitor,Marketing Queue
L-5411,2026-04-16,Parker,Pruitt,parker.pruitt@northgateexchange.example,"Head of Product, Identity",fintech_product,Northgate Exchange,ACC-1416,marketplace,NA,1312,,Content Download,,identity,False,,Disqualified,2026-04-19,2026-04-19,3,,,,Competitor,SDR - Alex Rivera
L-5412,2026-08-29,Rowan,Brooks,rowan.brooks@silverlinecreditunion.example,Head of Deposit Products,head_of_digital_banking,Silverline Credit Union,ACC-1329,credit_union,NA,1218,14.3,Paid Social,,check,True,,Working,2026-08-29,2026-08-29,2,,,,,SDR - Fran Moretti
L-5413,2026-06-16,Parker,Thorne,parker.thorne@stonebridgememberscu.example,Chief Risk Officer,risk_compliance,Stonebridge Members CU,ACC-1154,credit_union,,2743,7.4,Event,,identity,True,email_reply_positive@2026-06-26,Recycled,2026-06-16,2026-06-16,8,,,,,SDR - Alex Rivera
L-5414,2026-06-19,Cameron,Rourke,cameron.rourke@lakeshoreagency.example,Consultant,unknown,Lakeshore Agency,ACC-1071,other,NA,228,,Outbound - Clay,,identity,False,qualified_chat_engaged@2026-06-25,Disqualified,,,,,,,Not ICP,Marketing Queue
L-5415,2026-06-22,Logan,Orwell,logan.orwell@unionsquarebancshares.example,"Director, KYC Operations",risk_compliance,Union Square Bancshares,ACC-1038,bank_regional,NA,19213,210.6,Outbound - Clay,,check,False,pricing_page_visit@2026-06-26,Disqualified,,,,,,,No Fraud/IDV Use Case,Marketing Queue
L-5416,2026-09-06,Blake,Hollis,blake.hollis@westfieldmemberscu.example,Head of Fraud Prevention,head_of_fraud,Westfield Members CU,ACC-1062,credit_union,NA,673,13.9,Outbound - Sales Nav,,check,True,fraud_leader_job_change@2026-09-21|deepfake_webinar_attended@2026-09-08|check_fraud_content_download@2026-09-15|qualified_chat_engaged@2026-09-17,New,,,,,,,,Marketing Queue
L-5417,2026-01-11,Parker,Dunmore,parker.dunmore@bluemesamoney.example,Head of Fraud Prevention,head_of_fraud,Blue Mesa Money,ACC-1030,fintech,NA,1414,,Content Download,,identity,True,fraud_team_hiring@2026-01-17,Recycled,,,,,,,,Marketing Queue
L-5418,2026-03-24,Rowan,Garrow,rowan.garrow@sterlingconsulting.example,Student,unknown,Sterling Consulting,ACC-1362,other,NA,343,,Partner Referral,Fiserv,identity,False,deepfake_webinar_attended@2026-04-04|fraud_team_hiring@2026-04-07|email_reply_positive@2026-03-30,Disqualified,,,,,,,Bad Data,Marketing Queue
L-5419,2026-03-02,Emerson,Fairbanks,emerson.fairbanks@cedarvalleyfederalcreditunion.example,"Director, Digital Channels",head_of_digital_banking,Cedar Valley Federal Credit Union,ACC-1236,credit_union,NA,1931,6.9,Content Download,,identity,True,,Converted,2026-03-02,2026-03-04,50,2026-03-12,2026-03-15,OPP-7034,,SDR - Chen Wu
L-5420,2026-05-24,Rowan,Nash,rowan.nash@northgatemoney.example,VP Information Security,ciso_identity,Northgate Money,ACC-1027,fintech,NA,2281,,Event,,identity,False,,Disqualified,2026-05-26,2026-05-28,50,,,,Not ICP,SDR - Bri Okafor
L-5421,2026-03-04,Jamie,Thorne,jamie.thorne@cedarvalleystatebank.example,"Director, Fraud Risk",head_of_fraud,Cedar Valley State Bank,ACC-1056,bank_community,NA,917,8.3,Qualified Chat,,identity,True,qualified_chat_engaged@2026-03-11|qualified_chat_engaged@2026-03-21|qualified_chat_engaged@2026-03-12,Converted,2026-03-06,2026-03-07,30,2026-03-21,2026-03-26,OPP-7035,,SDR - Chen Wu
L-5422,2026-02-22,Jamie,Fairbanks,jamie.fairbanks@redwoodconsulting.example,Marketing Coordinator,unknown,Redwood Consulting,ACC-1375,other,EMEA,391,,Webinar,,identity,False,competitor_renewal_window@2026-03-03,Disqualified,,,,,,,Student/Job Seeker,Marketing Queue
L-5423,2026-08-12,Drew,Calloway,drew.calloway@northgateneo.example,CISO,ciso_identity,Northgate Neo,ACC-1341,fintech,NA,819,,Event,,identity,False,,Working,2026-08-14,2026-08-15,30,,,,,SDR - Dana Lopes
L-5424,2026-01-13,Reese,Kestrel,reese.kestrel@cedarvalleystatebank.example,"Director, Digital Channels",head_of_digital_banking,Cedar Valley State Bank,ACC-1056,bank_community,NA,917,8.3,Paid Social,,identity,True,email_reply_positive@2026-01-29|pricing_page_visit@2026-01-17|qualified_chat_engaged@2026-01-16,Converted,2026-01-15,2026-01-15,8,2026-01-30,2026-02-04,OPP-7036,,SDR - Fran Moretti
L-5425,2026-03-03,Casey,Lowry,casey.lowry@clearwatermemberscu.example,Senior Fraud Manager,fraud_analyst,Clearwater Members CU,ACC-1438,credit_union,NA,1053,4.6,Paid Social,,identity,False,demo_request@2026-03-07|fraud_team_hiring@2026-03-10,Disqualified,2026-03-03,2026-03-03,4,,,,Bad Data,SDR - Fran Moretti
L-5426,2026-08-23,Rowan,Sutter,rowan.sutter@crescentbancshares.example,IT Procurement Lead,procurement_it,Crescent Bancshares,ACC-1347,bank_regional,APAC,11690,175.7,Partner Referral,Abrigo,identity,False,fraud_leader_job_change@2026-09-02,Working,2026-08-25,2026-08-25,2,,,,,SDR - Chen Wu
L-5427,2026-09-17,Reese,Thorne,reese.thorne@cedarvalleystatebank.example,"Director, Digital Channels",head_of_digital_banking,Cedar Valley State Bank,ACC-1056,bank_community,NA,917,8.3,Webinar,,identity,True,pricing_page_visit@2026-10-01,Working,2026-09-19,2026-09-19,1,,,,,SDR - Alex Rivera
L-5428,2026-06-10,Drew,Ellery,drew.ellery@northgatemoney.example,CISO,ciso_identity,Northgate Money,ACC-1027,fintech,NA,2281,,Qualified Chat,,identity,False,qualified_chat_engaged@2026-06-11,Disqualified,,,,,,,Competitor,Marketing Queue
L-5429,2026-03-19,Jamie,Brooks,jamie.brooks@silverlinemoney.example,Chief Risk Officer,risk_compliance,Silverline Money,ACC-1365,fintech,EMEA,2389,,Content Download,,identity,False,qualified_chat_engaged@2026-03-28,Disqualified,,,,,,,No Fraud/IDV Use Case,Marketing Queue
L-5430,2026-06-13,Drew,Ellery,drew.ellery@falconsavingsbank.example,Chief Risk Officer,risk_compliance,Falcon Savings Bank,ACC-1133,bank_community,NA,195,7.0,Webinar,,identity,False,fraud_leader_job_change@2026-07-01|pricing_page_visit@2026-06-19,Recycled,2026-06-16,2026-06-18,50,2026-07-02,,,,SDR - Eli Novak
L-5431,2026-09-19,Hayden,Nash,hayden.nash@oakmontbancshares.example,Chief Risk Officer,risk_compliance,Oakmont Bancshares,ACC-1226,bank_regional,NA,14752,180.3,Event,,check,True,fraud_team_hiring@2026-10-01,New,,,,,,,,Marketing Queue
L-5432,2026-05-09,Blake,Sutter,blake.sutter@clearwaterneo.example,BSA/AML Officer,risk_compliance,Clearwater Neo,ACC-1314,fintech,NA,516,,Partner Referral,CSI,identity,True,,Recycled,,,,,,,,Marketing Queue
L-5433,2026-08-28,Riley,Kestrel,riley.kestrel@keystonerentals.example,Fraud Operations Lead,fraud_analyst,Keystone Rentals,ACC-1413,marketplace,NA,2346,,Qualified Chat,,identity,False,qualified_chat_engaged@2026-09-17,Disqualified,,,,,,,Not ICP,Marketing Queue
L-5434,2026-04-19,Casey,Jessup,casey.jessup@evergreenfederalcreditunion.example,SVP Digital Banking,head_of_digital_banking,Evergreen Federal Credit Union,ACC-1345,credit_union,NA,1390,4.7,Partner Referral,Abrigo,check,False,competitor_renewal_window@2026-04-23|deepfake_webinar_attended@2026-05-09,Disqualified,,,,,,,Not ICP,Marketing Queue
L-5435,2026-03-07,Avery,Quill,avery.quill@evergreenhub.example,Fraud Operations Lead,fraud_analyst,Evergreen Hub,ACC-1078,marketplace,NA,1800,,Partner Referral,Fiserv,identity,False,qualified_chat_engaged@2026-03-22,Recycled,2026-03-10,2026-03-11,30,,,,,SDR - Chen Wu
L-5436,2026-03-09,Avery,Fairbanks,avery.fairbanks@pinecrestmemberscu.example,Fraud Operations Lead,fraud_analyst,Pinecrest Members CU,ACC-1420,credit_union,NA,221,8.5,Outbound - Clay,,check,False,,Disqualified,2026-03-10,2026-03-11,30,,,,Bad Data,SDR - Dana Lopes
L-5437,2026-07-24,Casey,Alder,casey.alder@keystonecreditunion.example,BSA/AML Officer,risk_compliance,Keystone Credit Union,ACC-1188,credit_union,NA,438,3.7,Outbound - Clay,,identity,False,qualified_chat_engaged@2026-08-07|fraud_team_hiring@2026-08-06,Disqualified,2026-07-26,2026-07-26,1,,,,Not ICP,SDR - Bri Okafor
L-5438,2026-08-27,Quinn,Lowry,quinn.lowry@evergreenconsulting.example,Enterprise Architect,procurement_it,Evergreen Consulting,ACC-1239,other,EMEA,433,,Paid Social,,identity,False,,Disqualified,,,,,,,Bad Data,Marketing Queue
L-5439,2026-03-23,Reese,Marlow,reese.marlow@meridiancommunitybank.example,"Director, Fraud Risk",head_of_fraud,Meridian Community Bank,ACC-1032,bank_community,NA,726,1.0,Event,,identity,True,fraud_leader_job_change@2026-04-06|pricing_page_visit@2026-03-31,Disqualified,2026-03-26,2026-03-26,3,,,,Competitor,SDR - Eli Novak
L-5440,2026-02-08,Riley,Dunmore,riley.dunmore@stonebridgefederalcreditunion.example,Fraud Analyst,fraud_analyst,Stonebridge Federal Credit Union,ACC-1178,credit_union,NA,578,1.5,Qualified Chat,,identity,True,qualified_chat_engaged@2026-02-15,Disqualified,,,,,,,Competitor,Marketing Queue
L-5441,2026-07-20,Emerson,Lowry,emerson.lowry@keystonegaming.example,"Head of Product, Identity",fintech_product,Keystone Gaming,ACC-1089,igaming,NA,367,,Outbound - Clay,,identity,False,demo_request@2026-08-08|check_fraud_content_download@2026-07-23|demo_request@2026-07-22,Recycled,,,,,,,,Marketing Queue
L-5442,2026-04-17,Jamie,Garrow,jamie.garrow@clearwaterexchange.example,Fraud Operations Lead,fraud_analyst,Clearwater Exchange,ACC-1068,marketplace,APAC,994,,Content Download,,identity,False,competitor_renewal_window@2026-04-26,Disqualified,,,,,,,Not ICP,Marketing Queue
L-5443,2026-04-19,Skyler,Fairbanks,skyler.fairbanks@redwoodfederalcreditunion.example,SVP Digital Banking,head_of_digital_banking,Redwood Federal Credit Union,ACC-1342,credit_union,NA,2695,4.0,Qualified Chat,,identity,True,qualified_chat_engaged@2026-04-30|fraud_team_hiring@2026-05-07|email_reply_positive@2026-04-21,Recycled,2026-04-20,2026-04-21,30,2026-04-28,,,,SDR - Alex Rivera
L-5444,2026-07-16,Riley,Pruitt,riley.pruitt@bayfrontgaming.example,Head of Trust & Safety,trust_and_safety,Bayfront Gaming,ACC-1224,igaming,NA,3463,,Demo Request,,identity,False,demo_request@2026-08-01|check_fraud_content_download@2026-07-19,Disqualified,2026-07-17,2026-07-17,6,,,,Existing Open Opp,SDR - Bri Okafor
L-5445,2026-05-08,Jordan,Rourke,jordan.rourke@highlandfederalcreditunion.example,Head of Deposit Products,head_of_digital_banking,Highland Federal Credit Union,ACC-1147,credit_union,,537,0.6,Partner Referral,FICO Marketplace,identity,False,fraud_team_hiring@2026-05-27,Disqualified,,,,,,,Competitor,Marketing Queue
L-5446,2026-04-17,Jamie,Pruitt,jamie.pruitt@harborviewexchange.example,"VP Product, Onboarding",fintech_product,Harborview Exchange,ACC-1215,marketplace,NA,2288,,Event,,identity,False,demo_request@2026-04-21|deepfake_webinar_attended@2026-05-04|fraud_leader_job_change@2026-04-18,Disqualified,,,,,,,Not ICP,Marketing Queue
L-5447,2026-09-07,Jordan,Pruitt,jordan.pruitt@bluemesasavingsbank.example,SVP Digital Banking,head_of_digital_banking,Blue Mesa Savings Bank,ACC-1213,bank_community,NA,1189,3.9,Webinar,,identity,False,demo_request@2026-09-10,New,,,,,,,,Marketing Queue
L-5448,2026-01-18,Blake,Pruitt,blake.pruitt@evergreenmemberscu.example,Head of Deposit Products,head_of_digital_banking,Evergreen Members CU,ACC-1010,credit_union,NA,1534,2.6,Content Download,,check,True,fraud_team_hiring@2026-01-18,Converted,2026-01-21,2026-01-23,50,2026-02-01,2026-02-05,OPP-7037,,SDR - Chen Wu
L-5449,2026-08-16,Avery,Hollis,avery.hollis@riverbendsavingsbank.example,Chief Risk Officer,risk_compliance,Riverbend Savings Bank,ACC-1099,bank_community,NA,720,2.4,Qualified Chat,,check,True,qualified_chat_engaged@2026-09-03,Recycled,,,,,,,,Marketing Queue
L-5450,2026-03-10,Jordan,Kestrel,jordan.kestrel@falconlabs.example,Office Manager,unknown,Falcon Labs,ACC-1039,other,NA,253,,Outbound - Sales Nav,,identity,False,,Disqualified,,,,,,,Student/Job Seeker,Marketing Queue
L-5451,2026-03-08,Parker,Lowry,parker.lowry@silverlinestudio.example,Enterprise Architect,procurement_it,Silverline Studio,ACC-1245,other,NA,367,,Demo Request,,identity,False,demo_request@2026-03-14,Disqualified,,,,,,,Student/Job Seeker,Marketing Queue
L-5452,2026-05-21,Hayden,Thorne,hayden.thorne@clearwaterbank.example,"Director, Digital Channels",head_of_digital_banking,Clearwater Bank,ACC-1149,bank_regional,NA,5349,165.5,Event,,check,True,email_reply_positive@2026-05-24|demo_request@2026-06-01,Recycled,,,,,,,,Marketing Queue
L-5453,2026-07-14,Jamie,Orwell,jamie.orwell@highlandcreditunion.example,"Director, Digital Channels",head_of_digital_banking,Highland Credit Union,ACC-1107,credit_union,NA,351,9.0,Webinar,,check,False,,Converted,2026-07-14,2026-07-14,6,2026-07-22,2026-07-22,OPP-7038,,SDR - Dana Lopes
L-5454,2026-07-19,Rowan,Fairbanks,rowan.fairbanks@keystoneinsurance.example,CISO,ciso_identity,Keystone Insurance,ACC-1253,adjacent_regulated,NA,18891,,Outbound - Clay,,identity,False,deepfake_webinar_attended@2026-07-25,Recycled,,,,,,,,Marketing Queue
L-5455,2026-05-19,Jordan,Dunmore,jordan.dunmore@harborviewcreditunion.example,"Director, KYC Operations",risk_compliance,Harborview Credit Union,ACC-1311,credit_union,NA,1805,2.2,Content Download,,identity,True,fraud_leader_job_change@2026-06-07|fraud_team_hiring@2026-06-01,Disqualified,,,,,,,No Fraud/IDV Use Case,Marketing Queue
L-5456,2026-05-18,Blake,Jessup,blake.jessup@unionsquareagency.example,IT Procurement Lead,procurement_it,Union Square Agency,ACC-1290,other,NA,67,,Webinar,,identity,False,competitor_renewal_window@2026-05-25|pricing_page_visit@2026-05-18|check_fraud_content_download@2026-05-26|qualified_chat_engaged@2026-05-25,Disqualified,,,,,,,Student/Job Seeker,Marketing Queue
L-5457,2026-03-09,Emerson,Alder,emerson.alder@stonebridgestatebank.example,"Director, Digital Channels",head_of_digital_banking,Stonebridge State Bank,ACC-1400,bank_community,NA,828,1.1,Paid Social,,identity,False,fraud_leader_job_change@2026-03-17|pricing_page_visit@2026-03-23,Disqualified,,,,,,,Not ICP,Marketing Queue
L-5458,2026-06-14,Drew,Pruitt,drew.pruitt@falconlend.example,"Director, KYC Operations",risk_compliance,Falcon Lend,ACC-1040,fintech,APAC,704,,Demo Request,,identity,False,demo_request@2026-06-22,Converted,2026-06-14,2026-06-14,4,2026-06-16,2026-06-20,OPP-7039,,SDR - Chen Wu
L-5459,2026-02-05,Sage,Orwell,sage.orwell@silverlinefederalcreditunion.example,Head of Fraud Prevention,head_of_fraud,Silverline Federal Credit Union,ACC-1021,credit_union,NA,687,6.9,Paid Social,,check,False,demo_request@2026-02-16|email_reply_positive@2026-02-06|deepfake_webinar_attended@2026-02-16|qualified_chat_engaged@2026-02-07,Recycled,2026-02-07,2026-02-07,20,2026-02-15,,,,SDR - Eli Novak
L-5460,2026-06-25,Cameron,Brooks,cameron.brooks@northgatecreditunion.example,"Director, KYC Operations",risk_compliance,Northgate Credit Union,ACC-1403,credit_union,NA,807,6.6,Outbound - Clay,,check,False,fraud_leader_job_change@2026-07-10|check_fraud_content_download@2026-07-14|demo_request@2026-06-30,Disqualified,2026-06-26,2026-06-26,8,,,,Competitor,SDR - Alex Rivera
L-5461,2026-03-22,Sage,Sutter,sage.sutter@silverlinesportsbook.example,"VP Product, Onboarding",fintech_product,Silverline Sportsbook,ACC-1336,igaming,NA,292,,Outbound - Clay,,identity,False,qualified_chat_engaged@2026-03-24|deepfake_webinar_attended@2026-04-09,Recycled,,,,,,,,Marketing Queue
L-5462,2026-09-30,Reese,Hollis,reese.hollis@cedarvalleylend.example,CISO,ciso_identity,Cedar Valley Lend,ACC-1310,fintech,NA,1016,,Partner Referral,Data Advisor,identity,False,deepfake_webinar_attended@2026-10-01,New,,,,,,,,Marketing Queue
L-5463,2026-03-05,Morgan,Lowry,morgan.lowry@sterlingstatebank.example,Chief Risk Officer,risk_compliance,Sterling State Bank,ACC-1233,bank_community,NA,1061,4.8,Content Download,,identity,False,fraud_team_hiring@2026-03-16,Disqualified,,,,,,,No Fraud/IDV Use Case,Marketing Queue
L-5464,2026-05-10,Skyler,Kestrel,skyler.kestrel@unionsquarelabs.example,Student,unknown,Union Square Labs,ACC-1291,other,NA,257,,Outbound - Clay,,identity,False,pricing_page_visit@2026-05-29|check_fraud_content_download@2026-05-19,Disqualified,,,,,,,Not ICP,Marketing Queue
L-5465,2026-01-12,Drew,Rourke,drew.rourke@lakeshorefederalcreditunion.example,Fraud Operations Lead,fraud_analyst,Lakeshore Federal Credit Union,ACC-1092,credit_union,NA,1635,13.6,Webinar,,check,False,,Recycled,2026-01-12,2026-01-12,20,2026-01-16,,,,SDR - Dana Lopes
L-5466,2026-03-11,Skyler,Sutter,skyler.sutter@oakmontfederalcreditunion.example,BSA/AML Officer,risk_compliance,Oakmont Federal Credit Union,ACC-1216,credit_union,NA,65,2.9,Outbound - Clay,,check,True,deepfake_webinar_attended@2026-03-20|qualified_chat_engaged@2026-03-21,Disqualified,2026-03-13,2026-03-14,30,,,,Bad Data,SDR - Dana Lopes
L-5467,2026-04-08,Avery,Sutter,avery.sutter@pinecrestbancshares.example,Head of Deposit Products,head_of_digital_banking,Pinecrest Bancshares,ACC-1358,bank_regional,NA,15274,99.9,Partner Referral,Fiserv,identity,False,,Disqualified,2026-04-11,2026-04-11,3,,,,Duplicate,SDR - Dana Lopes
L-5468,2026-09-27,Skyler,Marlow,skyler.marlow@bayfrontmutual.example,VP Information Security,ciso_identity,Bayfront Mutual,ACC-1174,adjacent_regulated,NA,28546,,Partner Referral,FICO Marketplace,identity,False,fraud_team_hiring@2026-10-01,Working,2026-09-28,2026-09-28,20,,,,,SDR - Chen Wu
L-5469,2026-05-30,Drew,Pruitt,drew.pruitt@cedarvalleylabs.example,Marketing Coordinator,unknown,Cedar Valley Labs,ACC-1050,other,NA,72,,Webinar,,identity,False,,Disqualified,,,,,,,Student/Job Seeker,Marketing Queue
L-5470,2026-05-27,Blake,Quill,blake.quill@silverlinenationalbank.example,Vendor Risk Manager,procurement_it,Silverline National Bank,ACC-1118,bank_tier1,NA,83780,1092.1,Webinar,,check,False,,Recycled,,,,,,,,Marketing Queue
L-5471,2026-07-13,Sage,Ellery,sage.ellery@northgategaming.example,Chief Risk Officer,risk_compliance,Northgate Gaming,ACC-1250,igaming,NA,2887,,Content Download,,identity,False,fraud_team_hiring@2026-07-27,Disqualified,2026-07-13,2026-07-14,30,,,,Student/Job Seeker,SDR - Chen Wu
L-5472,2026-07-05,Sage,Kestrel,sage.kestrel@lakeshorelend.example,"Group PM, Account Opening",fintech_product,Lakeshore Lend,ACC-1374,fintech,NA,1393,,Demo Request,,identity,False,demo_request@2026-07-07|fraud_leader_job_change@2026-07-10,Recycled,2026-07-05,2026-07-05,8,,,,,SDR - Eli Novak
L-5473,2026-01-23,Taylor,Ingram,taylor.ingram@falconcountyservices.example,VP Information Security,ciso_identity,Falcon County Services,ACC-1162,adjacent_regulated,APAC,20738,,Qualified Chat,,identity,False,qualified_chat_engaged@2026-01-30,Recycled,2026-01-26,2026-01-26,6,2026-02-07,,,,SDR - Fran Moretti
L-5474,2026-08-15,Jordan,Nash,jordan.nash@prairiefirststudio.example,Office Manager,unknown,Prairie First Studio,ACC-1109,other,NA,40,,Demo Request,,identity,False,demo_request@2026-08-20,Disqualified,,,,,,,Not ICP,Marketing Queue
L-5475,2026-04-07,Cameron,Rourke,cameron.rourke@oakmontagency.example,IT Procurement Lead,procurement_it,Oakmont Agency,ACC-1271,other,NA,422,,Paid Social,,identity,False,check_fraud_content_download@2026-04-22|competitor_renewal_window@2026-04-27|fraud_team_hiring@2026-04-26,Disqualified,,,,,,,Student/Job Seeker,Marketing Queue
L-5476,2026-08-10,Cameron,Marlow,cameron.marlow@oakmontnationalbank.example,CISO,ciso_identity,Oakmont National Bank,ACC-1166,bank_tier1,NA,118262,1434.4,Demo Request,,identity,True,demo_request@2026-08-13,Disqualified,,,,,,,Competitor,Marketing Queue
L-5477,2026-05-22,Hayden,Marlow,hayden.marlow@oakmontfinancialgroup.example,Head of Deposit Products,head_of_digital_banking,Oakmont Financial Group,ACC-1014,bank_tier1,NA,75307,2761.1,Partner Referral,Abrigo,identity,False,fraud_team_hiring@2026-05-23|email_reply_positive@2026-06-01|check_fraud_content_download@2026-06-01,Recycled,,,,,,,,Marketing Queue
L-5478,2026-06-11,Taylor,Dunmore,taylor.dunmore@lakeshorebancshares.example,Head of Fraud Prevention,head_of_fraud,Lakeshore Bancshares,ACC-1325,bank_regional,NA,17175,136.1,Outbound - Sales Nav,,identity,True,pricing_page_visit@2026-06-28,Recycled,2026-06-11,2026-06-11,1,,,,,SDR - Chen Wu
L-5479,2026-02-06,Taylor,Fairbanks,taylor.fairbanks@stonebridgehealth.example,IT Procurement Lead,procurement_it,Stonebridge Health,ACC-1392,adjacent_regulated,EMEA,1594,,Qualified Chat,,identity,False,qualified_chat_engaged@2026-02-23,Recycled,,,,,,,,Marketing Queue
L-5480,2026-04-25,Quinn,Jessup,quinn.jessup@crescentpay.example,"Director, Identity & Access Management",ciso_identity,Crescent Pay,ACC-1169,fintech,EMEA,1935,,Partner Referral,Abrigo,identity,False,demo_request@2026-04-25|email_reply_positive@2026-04-28|email_reply_positive@2026-05-07|competitor_renewal_window@2026-04-26,Recycled,2026-04-26,2026-04-26,1,2026-04-29,,,,SDR - Bri Okafor
L-5481,2026-02-17,Avery,Rourke,avery.rourke@tidewaterpay.example,BSA/AML Officer,risk_compliance,Tidewater Pay,ACC-1418,fintech,EMEA,1502,,Demo Request,,identity,False,demo_request@2026-02-17,Disqualified,,,,,,,Not ICP,Marketing Queue
L-5482,2026-08-10,Riley,Ingram,riley.ingram@cedarvalleysportsbook.example,Head of Trust & Safety,trust_and_safety,Cedar Valley Sportsbook,ACC-1401,igaming,NA,2965,,Partner Referral,Fiserv,identity,False,competitor_renewal_window@2026-08-16,Recycled,2026-08-13,2026-08-13,2,2026-08-21,,,,SDR - Dana Lopes
L-5483,2026-07-25,Avery,Marlow,avery.marlow@prairiefirstlabs.example,Consultant,unknown,Prairie First Labs,ACC-1008,other,EMEA,28,,Event,,identity,False,qualified_chat_engaged@2026-08-08|deepfake_webinar_attended@2026-08-12,Disqualified,,,,,,,Not ICP,Marketing Queue
L-5484,2026-02-16,Casey,Marlow,casey.marlow@arboragency.example,IT Procurement Lead,procurement_it,Arbor Agency,ACC-1073,other,NA,344,,Demo Request,,identity,False,demo_request@2026-03-03|deepfake_webinar_attended@2026-02-18,Recycled,,,,,,,,Marketing Queue
L-5485,2026-06-26,Logan,Thorne,,"Director, KYC Operations",risk_compliance,Summit Ridge Bancshares,ACC-1210,bank_regional,APAC,19905,89.1,Webinar,,check,True,,Disqualified,,,,,,,Competitor,Marketing Queue
L-5486,2026-08-29,Hayden,Calloway,hayden.calloway@granitepeakcreditunion.example,Chief Risk Officer,risk_compliance,Granite Peak Credit Union,ACC-1120,credit_union,NA,2994,3.1,Outbound - Sales Nav,,check,True,qualified_chat_engaged@2026-09-01,Recycled,,,,,,,,Marketing Queue
L-5487,2026-09-15,Hayden,Marlow,haydenmarlow@gmail.example,VP Information Security,ciso_identity,Evergreen Neo,ACC-1019,fintech,NA,2296,,Webinar,,identity,False,email_reply_positive@2026-09-30|pricing_page_visit@2026-10-01,New,,,,,,,,Marketing Queue
L-5488,2026-07-14,Sage,Garrow,sage.garrow@oakmontmemberscu.example,BSA/AML Officer,risk_compliance,Oakmont Members CU,ACC-1138,credit_union,NA,1065,0.6,Webinar,,identity,True,,Recycled,,,,,,,,Marketing Queue
L-5489,2026-03-30,Hayden,Fairbanks,hayden.fairbanks@redwoodwallet.example,"Director, Fraud Risk",head_of_fraud,Redwood Wallet,ACC-1382,fintech,NA,2980,,Partner Referral,Data Advisor,identity,False,,Recycled,,,,,,,,Marketing Queue
L-5490,2026-06-23,Quinn,Calloway,quinn.calloway@riverbendfederalcreditunion.example,Fraud Operations Lead,fraud_analyst,Riverbend Federal Credit Union,ACC-1048,credit_union,NA,576,10.1,Demo Request,,check,True,demo_request@2026-07-12,Recycled,2026-06-23,2026-06-23,4,2026-07-08,,,,SDR - Chen Wu
L-5491,2026-05-15,Taylor,Ingram,taylor.ingram@keystonecreditunion.example,Senior Fraud Manager,fraud_analyst,Keystone Credit Union,ACC-1188,credit_union,NA,438,3.7,Partner Referral,FICO Marketplace,check,False,deepfake_webinar_attended@2026-05-17|pricing_page_visit@2026-05-18,Recycled,,,,,,,,Marketing Queue
L-5492,2026-05-26,Taylor,Calloway,taylor.calloway@evergreenstudio.example,IT Procurement Lead,procurement_it,Evergreen Studio,ACC-1294,other,NA,181,,Outbound - Sales Nav,,identity,False,demo_request@2026-06-02,Disqualified,,,,,,,Student/Job Seeker,Marketing Queue
L-5493,2026-03-16,Reese,Quill,reese.quill@falconlabs.example,Consultant,unknown,Falcon Labs,ACC-1039,other,NA,253,,Partner Referral,Data Advisor,identity,False,competitor_renewal_window@2026-03-26,Disqualified,,,,,,,Student/Job Seeker,Marketing Queue
L-5494,2026-06-16,Emerson,Pruitt,emerson.pruitt@oakmontconsulting.example,Vendor Risk Manager,procurement_it,Oakmont Consulting,ACC-1159,other,EMEA,230,,Partner Referral,Fiserv,identity,False,deepfake_webinar_attended@2026-06-21|check_fraud_content_download@2026-06-20|fraud_team_hiring@2026-07-03,Disqualified,,,,,,,Student/Job Seeker,Marketing Queue
L-5495,2026-08-31,Rowan,Lowry,rowan.lowry@evergreensavingsbank.example,BSA/AML Officer,risk_compliance,Evergreen Savings Bank,ACC-1012,bank_community,NA,602,9.9,Event,,check,False,deepfake_webinar_attended@2026-09-19|email_reply_positive@2026-09-06,Converted,2026-09-02,2026-09-04,50,2026-09-15,2026-09-15,OPP-7040,,SDR - Eli Novak
L-5496,2026-01-22,Jordan,Sutter,jordan.sutter@unionsquarepay.example,Chief Risk Officer,risk_compliance,Union Square Pay,ACC-1006,fintech,EMEA,2226,,Paid Social,,identity,True,fraud_team_hiring@2026-01-23|check_fraud_content_download@2026-01-30,Disqualified,,,,,,,Competitor,Marketing Queue
L-5497,2026-01-24,Casey,Fairbanks,casey.fairbanks@copperstatesavingsbank.example,"Director, Digital Channels",head_of_digital_banking,Copper State Savings Bank,ACC-1242,bank_community,NA,1440,6.1,Event,,identity,False,,Recycled,,,,,,,,Marketing Queue
L-5498,2026-02-23,Avery,Marlow,avery.marlow@stonebridgemoney.example,"Director, KYC Operations",risk_compliance,Stonebridge Money,ACC-1031,fintech,NA,2929,,Partner Referral,CSI,identity,False,deepfake_webinar_attended@2026-03-15|demo_request@2026-03-05|fraud_leader_job_change@2026-02-28|fraud_leader_job_change@2026-03-11,Converted,2026-02-24,2026-02-26,50,2026-03-04,2026-03-07,OPP-7041,,SDR - Bri Okafor
L-5499,2026-08-02,Cameron,Dunmore,cameron.dunmore@meridianinsurance.example,Vendor Risk Manager,procurement_it,Meridian Insurance,ACC-1352,adjacent_regulated,NA,5110,,Webinar,,identity,False,demo_request@2026-08-11|check_fraud_content_download@2026-08-19,Recycled,,,,,,,,Marketing Queue
L-5500,2026-02-18,Avery,Garrow,avery.garrow@stonebridgeneo.example,"Director, Fraud Risk",head_of_fraud,Stonebridge Neo,ACC-1046,fintech,NA,365,,Webinar,,identity,False,demo_request@2026-02-23,Disqualified,,,,,,,No Fraud/IDV Use Case,Marketing Queue
L-5501,2026-03-13,Reese,Fairbanks,reese.fairbanks@silverlineneo.example,Head of Fraud Prevention,head_of_fraud,Silverline Neo,ACC-1442,fintech,NA,2137,,Paid Social,,identity,False,,Recycled,2026-03-14,2026-03-14,6,,,,,SDR - Fran Moretti
L-5502,2026-02-21,Sage,Orwell,sage.orwell@bayfrontmemberscu.example,BSA/AML Officer,risk_compliance,Bayfront Members CU,ACC-1225,credit_union,NA,213,6.7,Outbound - Sales Nav,,check,False,fraud_leader_job_change@2026-03-04,Recycled,2026-02-24,2026-02-24,3,,,,,SDR - Chen Wu
L-5503,2026-06-01,Drew,Calloway,drew.calloway@lakeshorelabs.example,Vendor Risk Manager,procurement_it,Lakeshore Labs,ACC-1330,other,EMEA,143,,Content Download,,identity,False,email_reply_positive@2026-06-18,Disqualified,,,,,,,Student/Job Seeker,Marketing Queue
L-5504,2026-04-10,Logan,Kestrel,logan.kestrel@granitepeakhub.example,Fraud Operations Lead,fraud_analyst,Granite Peak Hub,ACC-1264,marketplace,NA,751,,Outbound - Sales Nav,,identity,False,,Recycled,,,,,,,,Marketing Queue
L-5505,2026-03-27,Riley,Fairbanks,riley.fairbanks@bayfrontexchange.example,"Director, Trust & Safety",trust_and_safety,Bayfront Exchange,ACC-1183,marketplace,,3282,,Outbound - Clay,,identity,True,fraud_leader_job_change@2026-04-16,Recycled,,,,,,,,Marketing Queue
L-5506,2026-08-15,Cameron,Thorne,cameron.thorne@keystonelabs.example,Enterprise Architect,procurement_it,Keystone Labs,ACC-1303,other,EMEA,355,,Outbound - Clay,,identity,False,deepfake_webinar_attended@2026-08-23,Disqualified,,,,,,,Not ICP,Marketing Queue
L-5507,2026-08-11,Sage,Garrow,sage.garrow@silverlinebancshares.example,Fraud Analyst,fraud_analyst,Silverline Bancshares,ACC-1055,bank_regional,NA,12735,58.9,Paid Social,,check,False,fraud_team_hiring@2026-08-29|demo_request@2026-08-16|email_reply_positive@2026-08-16|check_fraud_content_download@2026-08-30,Working,2026-08-13,2026-08-13,1,,,,,SDR - Chen Wu
L-5508,2026-03-30,Casey,Garrow,casey.garrow@crescentneo.example,VP Information Security,ciso_identity,Crescent Neo,ACC-1234,fintech,NA,2588,,Outbound - Sales Nav,,identity,False,,Recycled,2026-03-31,2026-03-31,4,,,,,SDR - Chen Wu
L-5509,2026-03-27,Blake,Marlow,blake.marlow@mapleleafstatebank.example,Senior Fraud Manager,fraud_analyst,Maple Leaf State Bank,ACC-1002,bank_community,NA,104,5.7,Event,,identity,False,,Disqualified,,,,,,,Not ICP,Marketing Queue
L-5510,2026-07-28,Parker,Sutter,parkersutter@gmail.example,"Director, Trust & Safety",trust_and_safety,Silverline Market,ACC-1390,marketplace,NA,309,,Event,,identity,True,fraud_team_hiring@2026-08-16|fraud_team_hiring@2026-08-14|qualified_chat_engaged@2026-08-08,Recycled,2026-07-29,2026-07-29,8,,,,,SDR - Alex Rivera
L-5511,2026-03-16,Taylor,Jessup,taylor.jessup@lakeshorelabs.example,Consultant,unknown,Lakeshore Labs,ACC-1330,other,EMEA,143,,Outbound - Sales Nav,,identity,False,,Disqualified,,,,,,,Student/Job Seeker,Marketing Queue
L-5512,2026-01-22,Cameron,Dunmore,cameron.dunmore@prairiefirstbank.example,Senior Fraud Manager,fraud_analyst,Prairie First Bank,ACC-1198,bank_regional,NA,2017,51.8,Paid Social,,check,True,fraud_team_hiring@2026-01-27|pricing_page_visit@2026-02-03|email_reply_positive@2026-01-25|competitor_renewal_window@2026-01-24,Converted,2026-01-23,2026-01-25,50,2026-02-03,2026-02-08,OPP-7042,,SDR - Dana Lopes
L-5513,2026-06-09,Emerson,Quill,emerson.quill@meridianbancshares.example,Head of Fraud Prevention,head_of_fraud,Meridian Bancshares,ACC-1394,bank_regional,NA,2578,53.0,Outbound - Clay,,identity,False,qualified_chat_engaged@2026-06-28,Disqualified,,,,,,,Not ICP,Marketing Queue
L-5514,2026-02-14,Logan,Ingram,logan.ingram@riverbendpay.example,"Director, Identity & Access Management",ciso_identity,Riverbend Pay,ACC-1272,fintech,EMEA,812,,Webinar,,identity,False,,Recycled,,,,,,,,Marketing Queue
L-5515,2026-09-12,Hayden,Kestrel,hayden.kestrel@redwoodnationalbank.example,"Director, Fraud Risk",head_of_fraud,Redwood National Bank,ACC-1020,bank_tier1,NA,160763,2314.9,Outbound - Sales Nav,,check,False,fraud_leader_job_change@2026-09-20,Converted,2026-09-13,2026-09-13,6,2026-09-15,2026-09-17,OPP-7043,,SDR - Alex Rivera
L-5516,2026-07-26,Blake,Dunmore,blake.dunmore@cedarvalleymoney.example,"Group PM, Account Opening",fintech_product,Cedar Valley Money,ACC-1182,fintech,EMEA,954,,Content Download,,identity,False,,Disqualified,,,,,,,No Fraud/IDV Use Case,Marketing Queue
L-5517,2026-09-30,Skyler,Lowry,skyler.lowry@mapleleafpay.example,"VP, Fraud Strategy",head_of_fraud,Maple Leaf Pay,ACC-1316,fintech,NA,591,,Outbound - Sales Nav,,identity,False,,New,,,,,,,,Marketing Queue
L-5518,2026-06-26,Drew,Calloway,drew.calloway@clearwaterstatebank.example,"Director, Digital Channels",head_of_digital_banking,Clearwater State Bank,ACC-1195,bank_community,NA,474,6.0,Paid Social,,check,False,demo_request@2026-07-01,Recycled,,,,,,,,Marketing Queue
L-5519,2026-01-30,Drew,Quill,drew.quill@westfieldneo.example,"VP, Fraud Strategy",head_of_fraud,Westfield Neo,ACC-1263,fintech,,2140,,Event,,identity,False,deepfake_webinar_attended@2026-02-12|check_fraud_content_download@2026-02-04,Disqualified,,,,,,,No Fraud/IDV Use Case,Marketing Queue
L-5520,2026-03-12,Jamie,Hollis,jamiehollis@gmail.example,"Group PM, Account Opening",fintech_product,Sterling Exchange,ACC-1009,marketplace,LATAM,1957,,Paid Social,,identity,False,fraud_leader_job_change@2026-03-15,Disqualified,2026-03-14,2026-03-15,30,,,,No Fraud/IDV Use Case,SDR - Alex Rivera
L-5521,2026-06-17,Rowan,Ingram,rowan.ingram@summitridgeplay.example,"Director, Trust & Safety",trust_and_safety,Summit Ridge Play,ACC-1175,igaming,EMEA,3748,,Event,,identity,False,pricing_page_visit@2026-07-01|competitor_renewal_window@2026-06-23|email_reply_positive@2026-06-22,Disqualified,2026-06-17,2026-06-18,30,,,,Not ICP,SDR - Chen Wu
L-5522,2026-08-24,Kendall,Sutter,kendall.sutter@clearwaterbank.example,BSA/AML Officer,risk_compliance,Clearwater Bank,ACC-1149,bank_regional,NA,5349,165.5,Outbound - Sales Nav,,identity,True,,Disqualified,,,,,,,No Fraud/IDV Use Case,Marketing Queue
L-5523,2026-03-13,Taylor,Dunmore,taylor.dunmore@granitepeakcreditunion.example,Senior Fraud Manager,fraud_analyst,Granite Peak Credit Union,ACC-1120,credit_union,NA,2994,3.1,Outbound - Clay,,check,True,qualified_chat_engaged@2026-03-16|fraud_team_hiring@2026-03-19,Disqualified,,,,,,,No Fraud/IDV Use Case,Marketing Queue
L-5524,2026-08-07,Riley,Kestrel,riley.kestrel@sterlinghealth.example,"Director, Identity & Access Management",ciso_identity,Sterling Health,ACC-1384,adjacent_regulated,NA,27808,,Paid Social,,identity,False,fraud_leader_job_change@2026-08-27,Working,2026-08-10,2026-08-11,30,,,,,SDR - Bri Okafor
L-5525,2026-07-28,Skyler,Orwell,skyler.orwell@summitridgehub.example,Head of Trust & Safety,trust_and_safety,Summit Ridge Hub,ACC-1447,marketplace,NA,1968,,Paid Social,,identity,False,,Recycled,2026-07-31,2026-07-31,20,,,,,SDR - Eli Novak
L-5526,2026-02-15,Kendall,Marlow,kendall.marlow@mapleleafplay.example,"VP Product, Onboarding",fintech_product,Maple Leaf Play,ACC-1317,igaming,NA,3708,,Outbound - Clay,,identity,False,fraud_leader_job_change@2026-03-06|deepfake_webinar_attended@2026-02-20|competitor_renewal_window@2026-02-17|fraud_leader_job_change@2026-02-15,Recycled,,,,,,,,Marketing Queue
L-5527,2026-04-17,Morgan,Alder,morgan.alder@keystonegaming.example,"Director, Trust & Safety",trust_and_safety,Keystone Gaming,ACC-1089,igaming,NA,367,,Event,,identity,False,,Disqualified,2026-04-20,2026-04-20,4,,,,No Fraud/IDV Use Case,SDR - Bri Okafor
L-5528,2026-02-09,Morgan,Nash,morgan.nash@harborviewbancshares.example,Senior Fraud Manager,fraud_analyst,Harborview Bancshares,ACC-1125,bank_regional,NA,17186,115.7,Qualified Chat,,check,True,qualified_chat_engaged@2026-02-25|competitor_renewal_window@2026-02-21,Disqualified,,,,,,,Competitor,Marketing Queue
L-5529,2026-02-04,Riley,Dunmore,riley.dunmore@pinecrestagency.example,IT Procurement Lead,procurement_it,Pinecrest Agency,ACC-1246,other,EMEA,348,,Paid Social,,identity,False,demo_request@2026-02-15|fraud_team_hiring@2026-02-20|competitor_renewal_window@2026-02-17,Recycled,,,,,,,,Marketing Queue
L-5530,2026-03-18,Morgan,Orwell,morgan.orwell@silverlinesportsbook.example,"Director, Trust & Safety",trust_and_safety,Silverline Sportsbook,ACC-1336,igaming,NA,292,,Content Download,,identity,False,deepfake_webinar_attended@2026-03-26|qualified_chat_engaged@2026-03-28,Converted,2026-03-20,2026-03-20,8,2026-03-29,2026-04-01,OPP-7044,,SDR - Eli Novak
L-5531,2026-03-21,Cameron,Sutter,cameron.sutter@pinecrestbank.example,"Director, Digital Channels",head_of_digital_banking,Pinecrest Bank,ACC-1018,bank_regional,EMEA,15333,153.1,Partner Referral,CSI,check,True,,Recycled,,,,,,,,Marketing Queue
L-5532,2026-03-11,Taylor,Sutter,taylor.sutter@silverlineagency.example,Office Manager,unknown,Silverline Agency,ACC-1150,other,NA,252,,Webinar,,identity,False,fraud_team_hiring@2026-03-19|deepfake_webinar_attended@2026-03-11,Disqualified,,,,,,,Bad Data,Marketing Queue
L-5533,2026-04-02,Rowan,Pruitt,rowan.pruitt@crescentrentals.example,Fraud Operations Lead,fraud_analyst,Crescent Rentals,ACC-1244,marketplace,NA,4823,,Event,,identity,False,email_reply_positive@2026-04-12|email_reply_positive@2026-04-13,Recycled,,,,,,,,Marketing Queue
L-5534,2026-04-30,Kendall,Dunmore,kendall.dunmore@lakeshorerentals.example,"Group PM, Account Opening",fintech_product,Lakeshore Rentals,ACC-1033,marketplace,EMEA,4727,,Paid Social,,identity,False,pricing_page_visit@2026-05-08,Disqualified,,,,,,,Not ICP,Marketing Queue
L-5535,2026-07-10,Sage,Calloway,sage.calloway@lakeshorepay.example,"VP, Fraud Strategy",head_of_fraud,Lakeshore Pay,ACC-1116,fintech,NA,1694,,Qualified Chat,,identity,False,qualified_chat_engaged@2026-07-20,Recycled,,,,,,,,Marketing Queue
L-5536,2026-09-29,Jamie,Hollis,jamie.hollis@falconbank.example,IT Procurement Lead,procurement_it,Falcon Bank,ACC-1228,bank_regional,NA,14621,135.8,Content Download,,check,True,pricing_page_visit@2026-10-01,New,,,,,,,,Marketing Queue
L-5537,2026-02-20,Jordan,Garrow,jordan.garrow@crescentcountyservices.example,Chief Risk Officer,risk_compliance,Crescent County Services,ACC-1282,adjacent_regulated,NA,2403,,Content Download,,identity,False,qualified_chat_engaged@2026-02-24|email_reply_positive@2026-03-01,Recycled,,,,,,,,Marketing Queue
L-5538,2026-02-11,Parker,Garrow,parker.garrow@falconbet.example,"Head of Product, Identity",fintech_product,Falcon Bet,ACC-1163,igaming,,1011,,Content Download,,identity,False,competitor_renewal_window@2026-02-13,Recycled,,,,,,,,Marketing Queue
L-5539,2026-08-19,Kendall,Ingram,kendall.ingram@unionsquarestatebank.example,"Director, Digital Channels",head_of_digital_banking,Union Square State Bank,ACC-1440,bank_community,NA,1254,7.0,Content Download,,identity,False,competitor_renewal_window@2026-08-19|check_fraud_content_download@2026-09-01,Disqualified,,,,,,,No Fraud/IDV Use Case,Marketing Queue
L-5540,2026-05-25,Quinn,Pruitt,quinnpruitt@gmail.example,"Director, KYC Operations",risk_compliance,Silverline Bank,ACC-1127,bank_regional,LATAM,5381,143.9,Partner Referral,FICO Marketplace,identity,True,competitor_renewal_window@2026-05-28,Recycled,,,,,,,,Marketing Queue
L-5541,2026-08-19,Jamie,Garrow,jamie.garrow@prairiefirstwallet.example,"Group PM, Account Opening",fintech_product,Prairie First Wallet,ACC-1155,fintech,NA,2255,,Event,,identity,False,email_reply_positive@2026-08-24|deepfake_webinar_attended@2026-08-22,Recycled,,,,,,,,Marketing Queue
L-5542,2026-06-19,Rowan,Fairbanks,rowan.fairbanks@highlandcreditunion.example,Head of Fraud Prevention,head_of_fraud,Highland Credit Union,ACC-1107,credit_union,NA,351,9.0,Webinar,,check,False,,Disqualified,2026-06-22,2026-06-22,20,,,,Competitor,SDR - Chen Wu
L-5543,2026-06-10,Logan,Marlow,,Head of Fraud Prevention,head_of_fraud,Prairie First Members CU,ACC-1189,credit_union,NA,2892,14.2,Event,,identity,True,fraud_leader_job_change@2026-06-24|check_fraud_content_download@2026-06-23,Recycled,2026-06-13,2026-06-13,8,,,,,SDR - Alex Rivera
L-5544,2026-04-18,Skyler,Nash,skyler.nash@westfieldhealth.example,Enterprise Architect,procurement_it,Westfield Health,ACC-1419,adjacent_regulated,NA,8334,,Content Download,,identity,False,check_fraud_content_download@2026-04-27|fraud_leader_job_change@2026-04-18,Recycled,,,,,,,,Marketing Queue
L-5545,2026-02-28,Logan,Pruitt,logan.pruitt@bayfrontmemberscu.example,"Director, KYC Operations",risk_compliance,Bayfront Members CU,ACC-1225,credit_union,NA,213,6.7,Demo Request,,identity,False,demo_request@2026-03-15,Disqualified,,,,,,,No Fraud/IDV Use Case,Marketing Queue
L-5546,2026-02-04,Blake,Lowry,blake.lowry@westfieldexchange.example,"Group PM, Account Opening",fintech_product,Westfield Exchange,ACC-1300,marketplace,EMEA,4667,,Demo Request,,identity,True,demo_request@2026-02-12,Disqualified,,,,,,,Not ICP,Marketing Queue
L-5547,2026-03-23,Skyler,Sutter,skyler.sutter@crescentfederalcreditunion.example,"Director, Fraud Risk",head_of_fraud,Crescent Federal Credit Union,ACC-1211,credit_union,NA,2993,1.0,Paid Social,,identity,True,email_reply_positive@2026-03-25|competitor_renewal_window@2026-03-30,Recycled,,,,,,,,Marketing Queue
L-5548,2026-06-14,Emerson,Lowry,emerson.lowry@summitridgerentals.example,Fraud Analyst,fraud_analyst,Summit Ridge Rentals,ACC-1364,marketplace,EMEA,3345,,Event,,identity,False,competitor_renewal_window@2026-06-20|pricing_page_visit@2026-06-24|competitor_renewal_window@2026-06-21,Recycled,,,,,,,,Marketing Queue
L-5549,2026-08-03,Sage,Brooks,sage.brooks@lakeshoreagency.example,Consultant,unknown,Lakeshore Agency,ACC-1071,other,NA,228,,Outbound - Clay,,identity,False,competitor_renewal_window@2026-08-04,Disqualified,,,,,,,Student/Job Seeker,Marketing Queue
L-5550,2026-05-29,Riley,Rourke,riley.rourke@bluemesapay.example,VP Information Security,ciso_identity,Blue Mesa Pay,ACC-1404,fintech,NA,2300,,Event,,identity,True,qualified_chat_engaged@2026-06-16|qualified_chat_engaged@2026-06-15,Recycled,,,,,,,,Marketing Queue
L-5551,2026-08-13,Skyler,Calloway,skyler.calloway@westfieldconsulting.example,Office Manager,unknown,Westfield Consulting,ACC-1097,other,APAC,308,,Paid Social,,identity,False,pricing_page_visit@2026-09-02,Disqualified,,,,,,,Bad Data,Marketing Queue
L-5552,2026-06-04,Skyler,Nash,skyler.nash@evergreenmemberscu.example,Fraud Operations Lead,fraud_analyst,Evergreen Members CU,ACC-1010,credit_union,NA,1534,2.6,Qualified Chat,,identity,True,qualified_chat_engaged@2026-06-04|demo_request@2026-06-11,Disqualified,,,,,,,Not ICP,Marketing Queue
L-5553,2026-04-11,Avery,Rourke,avery.rourke@unionsquarewallet.example,Head of Fraud Prevention,head_of_fraud,Union Square Wallet,ACC-1181,fintech,EMEA,1417,,Webinar,,identity,False,pricing_page_visit@2026-04-14,Recycled,,,,,,,,Marketing Queue
L-5554,2026-05-02,Drew,Hollis,drew.hollis@harborviewfederalcreditunion.example,"Director, KYC Operations",risk_compliance,Harborview Federal Credit Union,ACC-1445,credit_union,NA,868,14.9,Content Download,,identity,False,pricing_page_visit@2026-05-15,Disqualified,2026-05-05,2026-05-05,2,,,,Not ICP,SDR - Fran Moretti
L-5555,2026-01-30,Rowan,Sutter,rowan.sutter@stonebridgecreditunion.example,Fraud Analyst,fraud_analyst,Stonebridge Credit Union,ACC-1106,credit_union,NA,1317,8.7,Outbound - Sales Nav,,check,False,deepfake_webinar_attended@2026-02-05,Recycled,,,,,,,,Marketing Queue
L-5556,2026-03-07,Taylor,Calloway,taylor.calloway@mapleleafbancorp.example,"Director, Identity & Access Management",ciso_identity,Maple Leaf Bancorp,ACC-1387,bank_tier1,NA,95153,297.1,Outbound - Sales Nav,,identity,False,fraud_leader_job_change@2026-03-17|fraud_team_hiring@2026-03-13,Converted,2026-03-10,2026-03-10,1,2026-03-24,2026-03-24,OPP-7045,,SDR - Alex Rivera
L-5557,2026-05-02,Skyler,Brooks,skyler.brooks@summitridgemoney.example,Chief Risk Officer,risk_compliance,Summit Ridge Money,ACC-1222,fintech,NA,2484,,Demo Request,,identity,True,demo_request@2026-05-17|demo_request@2026-05-10,Converted,2026-05-03,2026-05-05,50,2026-05-18,2026-05-18,OPP-7046,,SDR - Fran Moretti
L-5558,2026-07-14,Cameron,Dunmore,cameron.dunmore@ironwoodconsulting.example,Consultant,unknown,Ironwood Consulting,ACC-1338,other,LATAM,208,,Outbound - Clay,,identity,False,fraud_team_hiring@2026-07-19|pricing_page_visit@2026-07-30|pricing_page_visit@2026-07-19,Disqualified,,,,,,,Student/Job Seeker,Marketing Queue
L-5559,2026-01-19,Casey,Nash,casey.nash@westfieldfederalcreditunion.example,Chief Risk Officer,risk_compliance,Westfield Federal Credit Union,ACC-1318,credit_union,NA,705,6.0,Qualified Chat,,check,False,qualified_chat_engaged@2026-01-20,Recycled,2026-01-19,2026-01-19,8,,,,,SDR - Alex Rivera
L-5560,2026-08-05,Kendall,Alder,kendall.alder@cedarvalleyexchange.example,"Head of Product, Identity",fintech_product,Cedar Valley Exchange,ACC-1243,marketplace,NA,3216,,Partner Referral,Data Advisor,identity,False,,Recycled,,,,,,,,Marketing Queue
L-5561,2026-09-06,Casey,Ellery,casey.ellery@clearwaterneo.example,"VP Product, Onboarding",fintech_product,Clearwater Neo,ACC-1314,fintech,NA,516,,Outbound - Sales Nav,,identity,True,deepfake_webinar_attended@2026-09-10|deepfake_webinar_attended@2026-09-22,Working,2026-09-09,2026-09-09,6,,,,,SDR - Chen Wu
L-5562,2026-06-22,Skyler,Nash,skyler.nash@meridianfederalcreditunion.example,Chief Risk Officer,risk_compliance,Meridian Federal Credit Union,ACC-1094,credit_union,NA,2244,11.3,Outbound - Sales Nav,,check,False,email_reply_positive@2026-07-08|check_fraud_content_download@2026-06-26,Disqualified,,,,,,,Competitor,Marketing Queue
L-5563,2026-03-19,Parker,Pruitt,parker.pruitt@falconhub.example,Head of Trust & Safety,trust_and_safety,Falcon Hub,ACC-1093,marketplace,NA,2931,,Qualified Chat,,identity,False,qualified_chat_engaged@2026-03-24|fraud_team_hiring@2026-03-29|demo_request@2026-04-06,Disqualified,,,,,,,No Fraud/IDV Use Case,Marketing Queue
L-5564,2026-08-18,Drew,Kestrel,drew.kestrel@ironwoodstatebank.example,BSA/AML Officer,risk_compliance,Ironwood State Bank,ACC-1232,bank_community,NA,363,7.7,Demo Request,,identity,False,demo_request@2026-08-28|fraud_leader_job_change@2026-08-23,Disqualified,,,,,,,No Fraud/IDV Use Case,Marketing Queue
L-5565,2026-08-11,Casey,Lowry,casey.lowry@meridiancommunitybank.example,"Director, KYC Operations",risk_compliance,Meridian Community Bank,ACC-1032,bank_community,NA,726,1.0,Qualified Chat,,check,True,qualified_chat_engaged@2026-08-14|deepfake_webinar_attended@2026-08-25|qualified_chat_engaged@2026-08-14|email_reply_positive@2026-08-20,Disqualified,,,,,,,Not ICP,Marketing Queue
L-5566,2026-04-28,Kendall,Ellery,kendall.ellery@riverbendsavingsbank.example,"Director, Fraud Risk",head_of_fraud,Riverbend Savings Bank,ACC-1099,bank_community,NA,720,2.4,Qualified Chat,,check,True,qualified_chat_engaged@2026-05-14,Recycled,,,,,,,,Marketing Queue
L-5567,2026-03-27,Hayden,Garrow,hayden.garrow@summitridgeneo.example,BSA/AML Officer,risk_compliance,Summit Ridge Neo,ACC-1085,fintech,NA,527,,Demo Request,,identity,False,demo_request@2026-03-31|email_reply_positive@2026-04-15,Recycled,,,,,,,,Marketing Queue
L-5568,2026-06-18,Blake,Jessup,blake.jessup@cedarvalleyexchange.example,"VP Product, Onboarding",fintech_product,Cedar Valley Exchange,ACC-1243,marketplace,NA,3216,,Webinar,,identity,False,check_fraud_content_download@2026-06-18|qualified_chat_engaged@2026-06-26,Recycled,,,,,,,,Marketing Queue
L-5569,2026-03-28,Hayden,Marlow,hayden.marlow@arboragency.example,Consultant,unknown,Arbor Agency,ACC-1073,other,NA,344,,Content Download,,identity,False,pricing_page_visit@2026-04-17,Disqualified,,,,,,,Not ICP,Marketing Queue
L-5570,2026-03-09,Skyler,Alder,skyler.alder@lakeshoreagency.example,Student,unknown,Lakeshore Agency,ACC-1071,other,NA,228,,Webinar,,identity,False,pricing_page_visit@2026-03-17,Disqualified,,,,,,,Bad Data,Marketing Queue
L-5571,2026-06-06,Morgan,Kestrel,morgan.kestrel@ironwoodconsulting.example,Office Manager,unknown,Ironwood Consulting,ACC-1338,other,LATAM,208,,Demo Request,,identity,False,demo_request@2026-06-10,Disqualified,,,,,,,Student/Job Seeker,Marketing Queue
L-5572,2026-09-11,Kendall,Thorne,kendall.thorne@ironwoodwallet.example,"Director, Fraud Risk",head_of_fraud,Ironwood Wallet,ACC-1218,fintech,NA,1358,,Paid Social,,identity,False,qualified_chat_engaged@2026-09-13,New,,,,,,,,Marketing Queue
L-5573,2026-02-03,Hayden,Ingram,hayden.ingram@prairiefirstlend.example,VP Information Security,ciso_identity,Prairie First Lend,ACC-1221,fintech,NA,2807,,Demo Request,,identity,False,demo_request@2026-02-11|check_fraud_content_download@2026-02-23|email_reply_positive@2026-02-13,Recycled,2026-02-06,2026-02-06,4,,,,,SDR - Chen Wu
L-5574,2026-09-11,Riley,Sutter,riley.sutter@mapleleafhealth.example,Enterprise Architect,procurement_it,Maple Leaf Health,ACC-1053,adjacent_regulated,NA,18373,,Partner Referral,FICO Marketplace,identity,False,fraud_team_hiring@2026-09-30|email_reply_positive@2026-09-23|demo_request@2026-09-30,Working,2026-09-11,2026-09-11,2,,,,,SDR - Fran Moretti
L-5575,2026-07-25,Logan,Quill,logan.quill@cedarvalleycreditunion.example,Fraud Analyst,fraud_analyst,Cedar Valley Credit Union,ACC-1363,credit_union,NA,2472,0.7,Qualified Chat,,identity,False,qualified_chat_engaged@2026-08-08,Recycled,,,,,,,,Marketing Queue
L-5576,2026-02-24,Jamie,Ingram,jamie.ingram@sterlinglend.example,"Director, KYC Operations",risk_compliance,Sterling Lend,ACC-1322,fintech,NA,2818,,Paid Social,,identity,False,demo_request@2026-03-10|check_fraud_content_download@2026-03-07|fraud_leader_job_change@2026-03-07,Recycled,2026-02-26,2026-02-26,3,2026-03-12,,,,SDR - Dana Lopes
L-5577,2026-04-03,Riley,Calloway,riley.calloway@northgatebank.example,"Director, KYC Operations",risk_compliance,Northgate Bank,ACC-1385,bank_regional,NA,16442,99.6,Outbound - Sales Nav,,identity,False,fraud_leader_job_change@2026-04-14|email_reply_positive@2026-04-10|fraud_leader_job_change@2026-04-12,Disqualified,,,,,,,,Marketing Queue
L-5578,2026-06-26,Logan,Jessup,logan.jessup@lakeshorefinancialgroup.example,SVP Digital Banking,head_of_digital_banking,Lakeshore Financial Group,ACC-1248,bank_tier1,APAC,147473,778.0,Outbound - Sales Nav,,identity,False,pricing_page_visit@2026-07-01|fraud_leader_job_change@2026-06-26|qualified_chat_engaged@2026-07-02,Recycled,2026-06-27,2026-06-27,20,,,,,SDR - Fran Moretti
L-5579,2026-05-19,Rowan,Dunmore,rowan.dunmore@falconfederalcreditunion.example,Senior Fraud Manager,fraud_analyst,Falcon Federal Credit Union,ACC-1306,credit_union,NA,1673,2.1,Webinar,,identity,True,email_reply_positive@2026-05-30|fraud_team_hiring@2026-05-23,Disqualified,,,,,,,No Fraud/IDV Use Case,Marketing Queue
L-5580,2026-05-10,Jamie,Hollis,jamie.hollis@highlandneo.example,"VP Product, Onboarding",fintech_product,Highland Neo,ACC-1422,fintech,NA,130,,Partner Referral,Abrigo,identity,False,check_fraud_content_download@2026-05-10|competitor_renewal_window@2026-05-17,Recycled,,,,,,,,Marketing Queue
L-5581,2026-08-17,Logan,Marlow,logan.marlow@prairiefirstpay.example,"Director, Identity & Access Management",ciso_identity,Prairie First Pay,ACC-1439,fintech,NA,510,,Outbound - Clay,,identity,False,deepfake_webinar_attended@2026-08-30|pricing_page_visit@2026-09-02,Disqualified,,,,,,,Competitor,Marketing Queue
L-5582,2026-08-13,Blake,Lowry,blake.lowry@westfieldinsurance.example,"Director, KYC Operations",risk_compliance,Westfield Insurance,ACC-1411,adjacent_regulated,NA,19966,,Event,,identity,False,deepfake_webinar_attended@2026-08-23,Disqualified,,,,,,,Competitor,Marketing Queue
L-5583,2026-02-23,Jamie,Lowry,jamie.lowry@falconpay.example,"Director, Fraud Risk",head_of_fraud,Falcon Pay,ACC-1296,fintech,EMEA,2152,,Partner Referral,Data Advisor,identity,False,qualified_chat_engaged@2026-03-14,Converted,2026-02-24,2026-02-25,30,2026-03-12,2026-03-16,OPP-7047,,SDR - Dana Lopes
L-5584,2026-01-16,Morgan,Lowry,morgan.lowry@lakeshorerentals.example,"Director, Trust & Safety",trust_and_safety,Lakeshore Rentals,ACC-1033,marketplace,,4727,,Partner Referral,Data Advisor,identity,False,demo_request@2026-01-27|competitor_renewal_window@2026-01-20,Disqualified,,,,,,,Competitor,Marketing Queue
L-5585,2026-07-26,Jamie,Sutter,jamie.sutter@evergreenbancshares.example,Head of Deposit Products,head_of_digital_banking,Evergreen Bancshares,ACC-1220,bank_regional,NA,15984,109.4,Content Download,,identity,True,check_fraud_content_download@2026-08-12|check_fraud_content_download@2026-08-05,Recycled,2026-07-28,2026-07-28,1,,,,,SDR - Eli Novak
L-5586,2026-02-06,Avery,Pruitt,avery.pruitt@crescentmarket.example,"Director, Trust & Safety",trust_and_safety,Crescent Market,ACC-1061,marketplace,NA,4636,,Partner Referral,Data Advisor,identity,False,deepfake_webinar_attended@2026-02-13|pricing_page_visit@2026-02-11,Disqualified,2026-02-09,2026-02-09,20,,,,Bad Data,SDR - Bri Okafor
L-5587,2026-07-05,Drew,Marlow,drew.marlow@sterlingcreditunion.example,Chief Risk Officer,risk_compliance,Sterling Credit Union,ACC-1049,credit_union,NA,78,7.0,Webinar,,check,False,check_fraud_content_download@2026-07-20|qualified_chat_engaged@2026-07-10,Recycled,2026-07-05,2026-07-07,50,2026-07-23,,,,SDR - Fran Moretti
L-5588,2026-04-01,Logan,Lowry,logan.lowry@riverbendcreditunion.example,"Director, Digital Channels",head_of_digital_banking,Riverbend Credit Union,ACC-1191,credit_union,NA,2867,5.7,Qualified Chat,,check,True,qualified_chat_engaged@2026-04-01|demo_request@2026-04-11|fraud_team_hiring@2026-04-10|demo_request@2026-04-19,Converted,2026-04-04,2026-04-04,3,2026-04-11,2026-04-16,OPP-7048,,SDR - Chen Wu
L-5589,2026-08-18,Kendall,Brooks,kendall.brooks@redwoodbanktrust.example,Head of Deposit Products,head_of_digital_banking,Redwood Bank & Trust,ACC-1293,bank_regional,NA,14916,207.6,Webinar,,check,True,competitor_renewal_window@2026-08-18,Recycled,,,,,,,,Marketing Queue
L-5590,2026-09-27,Blake,Marlow,blake.marlow@copperstateplay.example,Chief Risk Officer,risk_compliance,Copper State Play,ACC-1349,igaming,EMEA,3334,,Webinar,,identity,False,competitor_renewal_window@2026-10-01|pricing_page_visit@2026-10-01|fraud_leader_job_change@2026-10-01,New,,,,,,,,Marketing Queue
L-5591,2026-05-07,Rowan,Brooks,rowan.brooks@pinecrestlend.example,"Director, Fraud Risk",head_of_fraud,Pinecrest Lend,ACC-1187,fintech,NA,215,,Outbound - Sales Nav,,identity,False,,Disqualified,,,,,,,Competitor,Marketing Queue
L-5592,2026-02-20,Skyler,Ellery,skyler.ellery@cedarvalleylabs.example,Vendor Risk Manager,procurement_it,Cedar Valley Labs,ACC-1050,other,NA,72,,Event,,identity,False,email_reply_positive@2026-03-08|fraud_team_hiring@2026-03-09|deepfake_webinar_attended@2026-03-01,Recycled,,,,,,,,Marketing Queue
L-5593,2026-06-18,Sage,Brooks,sage.brooks@ironwoodcountyservices.example,VP Information Security,ciso_identity,Ironwood County Services,ACC-1251,adjacent_regulated,NA,12137,,Partner Referral,Data Advisor,identity,False,check_fraud_content_download@2026-07-03|check_fraud_content_download@2026-06-19,Disqualified,,,,,,,Competitor,Marketing Queue
L-5594,2026-01-19,Quinn,Quill,quinn.quill@arborbanktrust.example,Head of Fraud Prevention,head_of_fraud,Arbor Bank & Trust,ACC-1160,bank_regional,NA,6223,108.4,Qualified Chat,,check,False,qualified_chat_engaged@2026-01-25|fraud_leader_job_change@2026-02-05|demo_request@2026-02-01|email_reply_positive@2026-02-04,Recycled,2026-01-20,2026-01-20,4,,,,,SDR - Bri Okafor
L-5595,2026-01-12,Quinn,Marlow,quinn.marlow@tidewaterbancorp.example,Enterprise Architect,procurement_it,Tidewater Bancorp,ACC-1292,bank_tier1,NA,164610,606.9,Qualified Chat,,identity,False,qualified_chat_engaged@2026-01-15|check_fraud_content_download@2026-01-12|deepfake_webinar_attended@2026-01-22,Disqualified,2026-01-13,2026-01-13,4,,,,Existing Open Opp,SDR - Fran Moretti
L-5596,2026-05-24,Taylor,Pruitt,,CISO,ciso_identity,Bayfront Insurance,ACC-1158,adjacent_regulated,NA,1413,,Outbound - Clay,,identity,True,fraud_team_hiring@2026-06-06|fraud_team_hiring@2026-06-01,Recycled,,,,,,,,Marketing Queue
L-5597,2026-04-29,Quinn,Rourke,quinn.rourke@ironwoodsportsbook.example,"VP Product, Onboarding",fintech_product,Ironwood Sportsbook,ACC-1339,igaming,EMEA,87,,Demo Request,,identity,False,demo_request@2026-05-04|competitor_renewal_window@2026-05-01,Disqualified,2026-05-02,2026-05-02,6,,,,Duplicate,SDR - Alex Rivera
L-5598,2026-02-18,Parker,Pruitt,parker.pruitt@bayfrontlend.example,"VP, Fraud Strategy",head_of_fraud,Bayfront Lend,ACC-1202,fintech,NA,2038,,Partner Referral,Data Advisor,identity,False,email_reply_positive@2026-02-19,Recycled,,,,,,,,Marketing Queue
L-5599,2026-07-13,Taylor,Garrow,taylor.garrow@prairiefirstcreditunion.example,Fraud Analyst,fraud_analyst,Prairie First Credit Union,ACC-1123,credit_union,NA,1278,0.4,Outbound - Sales Nav,,check,False,competitor_renewal_window@2026-08-01|demo_request@2026-07-29,Recycled,,,,,,,,Marketing Queue
L-5600,2026-04-17,Sage,Calloway,sage.calloway@ironwoodgaming.example,"Director, Trust & Safety",trust_and_safety,Ironwood Gaming,ACC-1179,igaming,NA,2259,,Qualified Chat,,identity,False,qualified_chat_engaged@2026-04-26,Recycled,2026-04-20,2026-04-20,1,,,,,SDR - Eli Novak
L-5601,2026-06-16,Sage,Rourke,sagerourke@gmail.example,"VP, Fraud Strategy",head_of_fraud,Sterling Pay,ACC-1082,fintech,NA,2609,,Qualified Chat,,identity,False,qualified_chat_engaged@2026-06-29,Recycled,,,,,,,,Marketing Queue
L-5602,2026-01-08,Jordan,Marlow,jordan.marlow@granitepeakstatebank.example,"VP, Fraud Strategy",head_of_fraud,Granite Peak State Bank,ACC-1350,bank_community,NA,1270,8.8,Outbound - Clay,,check,True,,Recycled,,,,,,,,Marketing Queue
L-5603,2026-07-21,Kendall,Ingram,kendall.ingram@granitepeakgaming.example,"Director, Trust & Safety",trust_and_safety,Granite Peak Gaming,ACC-1332,igaming,NA,3757,,Paid Social,,identity,False,fraud_team_hiring@2026-08-04|deepfake_webinar_attended@2026-08-05,Disqualified,,,,,,,Not ICP,Marketing Queue
L-5604,2026-05-31,Jordan,Orwell,jordan.orwell@keystonewallet.example,Head of Fraud Prevention,head_of_fraud,Keystone Wallet,ACC-1114,fintech,NA,898,,Webinar,,identity,False,fraud_team_hiring@2026-06-08|pricing_page_visit@2026-06-11|demo_request@2026-06-13|check_fraud_content_download@2026-06-04,Disqualified,,,,,,,Not ICP,Marketing Queue
L-5605,2026-08-08,Rowan,Orwell,rowan.orwell@stonebridgecreditunion.example,Fraud Operations Lead,fraud_analyst,Stonebridge Credit Union,ACC-1106,credit_union,NA,1317,8.7,Outbound - Clay,,identity,False,competitor_renewal_window@2026-08-22,Recycled,2026-08-09,2026-08-09,4,2026-08-14,,,,SDR - Fran Moretti
L-5606,2026-07-10,Reese,Garrow,reese.garrow@cedarvalleysportsbook.example,"Group PM, Account Opening",fintech_product,Cedar Valley Sportsbook,ACC-1401,igaming,NA,2965,,Outbound - Sales Nav,,identity,False,fraud_team_hiring@2026-07-21,Recycled,,,,,,,,Marketing Queue
L-5607,2026-04-17,Sage,Nash,sage.nash@crescentfederalcreditunion.example,"Director, Digital Channels",head_of_digital_banking,Crescent Federal Credit Union,ACC-1211,credit_union,NA,2993,1.0,Content Download,,check,True,pricing_page_visit@2026-04-29,Recycled,2026-04-18,2026-04-18,6,,,,,SDR - Bri Okafor
L-5608,2026-06-16,Skyler,Thorne,skyler.thorne@silverlinemutual.example,Chief Risk Officer,risk_compliance,Silverline Mutual,ACC-1077,adjacent_regulated,NA,25947,,Outbound - Sales Nav,,identity,False,pricing_page_visit@2026-07-01,Disqualified,,,,,,,Competitor,Marketing Queue
L-5609,2026-01-09,Cameron,Garrow,cameron.garrow@summitridgestatebank.example,"Director, Digital Channels",head_of_digital_banking,Summit Ridge State Bank,ACC-1043,bank_community,NA,1160,0.9,Qualified Chat,,identity,True,qualified_chat_engaged@2026-01-19,Recycled,,,,,,,,Marketing Queue
L-5610,2026-09-05,Quinn,Ellery,quinn.ellery@unionsquarecreditunion.example,Fraud Analyst,fraud_analyst,Union Square Credit Union,ACC-1424,credit_union,NA,2174,7.3,Event,,identity,False,check_fraud_content_download@2026-09-14|qualified_chat_engaged@2026-09-22,Working,2026-09-08,2026-09-08,6,,,,,SDR - Fran Moretti
L-5611,2026-02-23,Rowan,Pruitt,,Fraud Analyst,fraud_analyst,Silverline Members CU,ACC-1075,credit_union,NA,561,3.0,Qualified Chat,,identity,False,qualified_chat_engaged@2026-03-10,Recycled,,,,,,,,Marketing Queue
L-5612,2026-06-30,Taylor,Kestrel,taylor.kestrel@ironwoodcountyservices.example,IT Procurement Lead,procurement_it,Ironwood County Services,ACC-1251,adjacent_regulated,NA,12137,,Event,,identity,False,fraud_leader_job_change@2026-07-02|pricing_page_visit@2026-07-04|check_fraud_content_download@2026-07-12|pricing_page_visit@2026-07-03,Recycled,,,,,,,,Marketing Queue
L-5613,2026-08-06,Sage,Ingram,sage.ingram@prairiefirstlabs.example,Vendor Risk Manager,procurement_it,Prairie First Labs,ACC-1008,other,EMEA,28,,Webinar,,identity,False,check_fraud_content_download@2026-08-12,Disqualified,,,,,,,Student/Job Seeker,Marketing Queue
L-5614,2026-06-10,Jordan,Ingram,jordan.ingram@granitepeakgaming.example,Chief Risk Officer,risk_compliance,Granite Peak Gaming,ACC-1332,igaming,NA,3757,,Paid Social,,identity,False,fraud_team_hiring@2026-06-20,Recycled,,,,,,,,Marketing Queue
L-5615,2026-01-10,Rowan,Marlow,rowan.marlow@riverbendconsulting.example,Enterprise Architect,procurement_it,Riverbend Consulting,ACC-1446,other,NA,467,,Qualified Chat,,identity,False,qualified_chat_engaged@2026-01-25,Disqualified,,,,,,,Student/Job Seeker,Marketing Queue
L-5616,2026-08-01,Cameron,Ingram,cameron.ingram@prairiefirstneo.example,CISO,ciso_identity,Prairie First Neo,ACC-1437,fintech,EMEA,200,,Event,,identity,False,,Disqualified,2026-08-04,2026-08-04,2,,,,Duplicate,SDR - Alex Rivera
L-5617,2026-02-28,Cameron,Calloway,cameron.calloway@clearwaterbet.example,"Director, KYC Operations",risk_compliance,Clearwater Bet,ACC-1415,igaming,EMEA,3309,,Content Download,,identity,False,,Disqualified,,,,,,,Not ICP,Marketing Queue
L-5618,2026-02-10,Kendall,Dunmore,kendall.dunmore@keystonerentals.example,"VP Product, Onboarding",fintech_product,Keystone Rentals,ACC-1413,marketplace,NA,2346,,Webinar,,identity,False,competitor_renewal_window@2026-03-02|fraud_leader_job_change@2026-02-13,Disqualified,,,,,,,Not ICP,Marketing Queue
L-5619,2026-05-04,Morgan,Marlow,morgan.marlow@meridianmarket.example,"Group PM, Account Opening",fintech_product,Meridian Market,ACC-1001,marketplace,NA,310,,Content Download,,identity,True,,Recycled,,,,,,,,Marketing Queue
L-5620,2026-09-02,Avery,Calloway,avery.calloway@granitepeakfederalcreditunion.example,"VP, Fraud Strategy",head_of_fraud,Granite Peak Federal Credit Union,ACC-1361,credit_union,NA,1457,2.5,Paid Social,,check,True,demo_request@2026-09-16|pricing_page_visit@2026-09-18,New,,,,,,,,Marketing Queue
L-5621,2026-02-12,Skyler,Hollis,skyler.hollis@pinecrestbancshares.example,Head of Fraud Prevention,head_of_fraud,Pinecrest Bancshares,ACC-1358,bank_regional,NA,15274,99.9,Content Download,,identity,False,,Recycled,,,,,,,,Marketing Queue
L-5622,2026-05-08,Jordan,Calloway,jordan.calloway@westfieldmoney.example,"Director, KYC Operations",risk_compliance,Westfield Money,ACC-1128,fintech,EMEA,1588,,Partner Referral,Fiserv,identity,False,check_fraud_content_download@2026-05-17|pricing_page_visit@2026-05-10,Disqualified,2026-05-11,2026-05-11,2,,,,Not ICP,SDR - Alex Rivera
L-5623,2026-07-09,Cameron,Pruitt,cameron.pruitt@falconbet.example,"VP Product, Onboarding",fintech_product,Falcon Bet,ACC-1163,igaming,NA,1011,,Demo Request,,identity,False,demo_request@2026-07-23|fraud_leader_job_change@2026-07-24,Disqualified,,,,,,,Not ICP,Marketing Queue
L-5624,2026-08-02,Casey,Marlow,casey.marlow@evergreenhealth.example,BSA/AML Officer,risk_compliance,Evergreen Health,ACC-1353,adjacent_regulated,NA,23691,,Outbound - Sales Nav,,identity,False,fraud_leader_job_change@2026-08-14|competitor_renewal_window@2026-08-16|competitor_renewal_window@2026-08-06,Working,2026-08-04,2026-08-04,20,,,,,SDR - Chen Wu
L-5625,2026-04-03,Rowan,Pruitt,rowan.pruitt@cedarvalleyagency.example,Consultant,unknown,Cedar Valley Agency,ACC-1007,other,EMEA,321,,Webinar,,identity,False,pricing_page_visit@2026-04-09|qualified_chat_engaged@2026-04-03,Disqualified,,,,,,,Student/Job Seeker,Marketing Queue
L-5626,2026-09-11,Jordan,Lowry,jordan.lowry@lakeshorepay.example,Head of Fraud Prevention,head_of_fraud,Lakeshore Pay,ACC-1116,fintech,NA,1694,,Outbound - Sales Nav,,identity,False,pricing_page_visit@2026-09-26,SQL,2026-09-14,2026-09-14,6,2026-09-24,,,,SDR - Dana Lopes
L-5627,2026-03-27,Casey,Quill,casey.quill@unionsquarepay.example,BSA/AML Officer,risk_compliance,Union Square Pay,ACC-1006,fintech,EMEA,2226,,Event,,identity,True,fraud_team_hiring@2026-04-15|qualified_chat_engaged@2026-04-15,Disqualified,,,,,,,No Fraud/IDV Use Case,Marketing Queue
L-5628,2026-08-21,Jamie,Kestrel,jamie.kestrel@meridiancommunitybank.example,Head of Deposit Products,head_of_digital_banking,Meridian Community Bank,ACC-1032,bank_community,NA,726,1.0,Event,,identity,True,deepfake_webinar_attended@2026-08-31,Recycled,,,,,,,,Marketing Queue
L-5629,2026-03-11,Parker,Sutter,,Student,unknown,Summit Ridge Agency,ACC-1357,other,NA,398,,Event,,identity,False,deepfake_webinar_attended@2026-03-29|deepfake_webinar_attended@2026-03-18,Disqualified,,,,,,,Not ICP,Marketing Queue
L-5630,2026-02-15,Emerson,Marlow,emerson.marlow@stonebridgemutual.example,Chief Risk Officer,risk_compliance,Stonebridge Mutual,ACC-1319,adjacent_regulated,NA,16902,,Partner Referral,Data Advisor,identity,False,check_fraud_content_download@2026-02-17,Recycled,,,,,,,,Marketing Queue
L-5631,2026-04-29,Casey,Ingram,casey.ingram@copperstatesavingsbank.example,"Director, Fraud Risk",head_of_fraud,Copper State Savings Bank,ACC-1242,bank_community,NA,1440,6.1,Qualified Chat,,identity,False,qualified_chat_engaged@2026-05-16,Recycled,,,,,,,,Marketing Queue
L-5632,2026-06-05,Jamie,Marlow,jamie.marlow@crescentmemberscu.example,SVP Digital Banking,head_of_digital_banking,Crescent Members CU,ACC-1096,credit_union,NA,1696,10.9,Qualified Chat,,check,False,qualified_chat_engaged@2026-06-21|email_reply_positive@2026-06-14,Recycled,2026-06-06,2026-06-06,3,2026-06-08,,,,SDR - Chen Wu
L-5633,2026-08-21,Emerson,Ingram,emerson.ingram@pinecrestmoney.example,Head of Fraud Prevention,head_of_fraud,Pinecrest Money,ACC-1238,fintech,NA,1978,,Outbound - Clay,,identity,False,competitor_renewal_window@2026-08-31|qualified_chat_engaged@2026-08-29,Working,2026-08-22,2026-08-22,8,,,,,SDR - Eli Novak
L-5634,2026-03-18,Skyler,Marlow,skyler.marlow@crescentrentals.example,"Group PM, Account Opening",fintech_product,Crescent Rentals,ACC-1244,marketplace,NA,4823,,Event,,identity,False,fraud_team_hiring@2026-04-04|demo_request@2026-04-07|fraud_team_hiring@2026-04-07,Disqualified,,,,,,,No Fraud/IDV Use Case,Marketing Queue
L-5635,2026-02-02,Casey,Dunmore,casey.dunmore@redwoodnationalbank.example,Fraud Operations Lead,fraud_analyst,Redwood National Bank,ACC-1020,bank_tier1,NA,160763,2314.9,Webinar,,check,False,qualified_chat_engaged@2026-02-06,Converted,2026-02-04,2026-02-04,8,2026-02-12,2026-02-12,OPP-7049,,SDR - Alex Rivera
L-5636,2026-07-26,Emerson,Fairbanks,emerson.fairbanks@tidewaterfederalcreditunion.example,Fraud Analyst,fraud_analyst,Tidewater Federal Credit Union,ACC-1268,credit_union,NA,2672,2.8,Webinar,,identity,False,qualified_chat_engaged@2026-08-01,Recycled,2026-07-26,2026-07-28,50,2026-08-09,,,,SDR - Alex Rivera
L-5637,2026-03-24,Rowan,Alder,rowan.alder@westfieldhub.example,"Director, Trust & Safety",trust_and_safety,Westfield Hub,ACC-1112,marketplace,NA,4903,,Webinar,,identity,False,fraud_leader_job_change@2026-04-05,Recycled,2026-03-27,2026-03-29,50,2026-04-03,,,,SDR - Alex Rivera
L-5638,2026-07-12,Avery,Thorne,avery.thorne@stonebridgefederalcreditunion.example,"Director, Digital Channels",head_of_digital_banking,Stonebridge Federal Credit Union,ACC-1178,credit_union,NA,578,1.5,Partner Referral,Abrigo,identity,True,pricing_page_visit@2026-07-29,Recycled,2026-07-13,2026-07-13,6,2026-07-20,,,,SDR - Chen Wu
L-5639,2026-08-21,Rowan,Dunmore,rowan.dunmore@pinecrestlabs.example,Consultant,unknown,Pinecrest Labs,ACC-1231,other,NA,79,,Partner Referral,Data Advisor,identity,False,qualified_chat_engaged@2026-08-22,Disqualified,,,,,,,Bad Data,Marketing Queue
L-5640,2026-04-24,Jamie,Sutter,jamie.sutter@riverbendbancorp.example,Vendor Risk Manager,procurement_it,Riverbend Bancorp,ACC-1426,bank_tier1,EMEA,36400,1837.7,Paid Social,,check,False,demo_request@2026-05-14,Recycled,,,,,,,,Marketing Queue
L-5641,2026-04-20,Kendall,Jessup,kendall.jessup@unionsquarestatebank.example,BSA/AML Officer,risk_compliance,Union Square State Bank,ACC-1440,bank_community,NA,1254,7.0,Outbound - Sales Nav,,check,False,fraud_team_hiring@2026-04-30|competitor_renewal_window@2026-05-02|pricing_page_visit@2026-05-05|competitor_renewal_window@2026-05-07,Recycled,2026-04-20,2026-04-20,1,,,,,SDR - Alex Rivera
L-5642,2026-07-19,Cameron,Garrow,cameron.garrow@prairiefirstwallet.example,VP Information Security,ciso_identity,Prairie First Wallet,ACC-1155,fintech,NA,2255,,Webinar,,identity,False,,Recycled,,,,,,,,Marketing Queue
L-5643,2026-01-22,Taylor,Dunmore,taylor.dunmore@highlandmarket.example,"Head of Product, Identity",fintech_product,Highland Market,ACC-1011,marketplace,NA,1451,,Demo Request,,identity,False,demo_request@2026-02-05,Recycled,,,,,,,,Marketing Queue
L-5644,2026-03-03,Drew,Alder,drew.alder@keystonegaming.example,"Director, KYC Operations",risk_compliance,Keystone Gaming,ACC-1089,igaming,NA,367,,Demo Request,,identity,False,demo_request@2026-03-21|email_reply_positive@2026-03-11,Recycled,,,,,,,,Marketing Queue
L-5645,2026-01-24,Quinn,Alder,quinn.alder@meridianmemberscu.example,Head of Deposit Products,head_of_digital_banking,Meridian Members CU,ACC-1193,credit_union,NA,1509,1.1,Outbound - Sales Nav,,check,True,competitor_renewal_window@2026-02-06,Disqualified,,,,,,,Competitor,Marketing Queue
L-5646,2026-01-17,Parker,Hollis,parker.hollis@clearwatercommunitybank.example,BSA/AML Officer,risk_compliance,Clearwater Community Bank,ACC-1103,bank_community,NA,1322,1.8,Paid Social,,identity,True,deepfake_webinar_attended@2026-01-24|competitor_renewal_window@2026-01-17|demo_request@2026-02-04|fraud_team_hiring@2026-02-03,Recycled,2026-01-19,2026-01-20,30,,,,,SDR - Fran Moretti
L-5647,2026-03-20,Rowan,Lowry,rowan.lowry@crescentcountyservices.example,IT Procurement Lead,procurement_it,Crescent County Services,ACC-1282,adjacent_regulated,NA,2403,,Event,,identity,False,fraud_leader_job_change@2026-04-02|pricing_page_visit@2026-04-07,Disqualified,,,,,,,No Fraud/IDV Use Case,Marketing Queue
L-5648,2026-02-18,Jordan,Kestrel,jordan.kestrel@evergreenwallet.example,VP Information Security,ciso_identity,Evergreen Wallet,ACC-1184,fintech,NA,2783,,Paid Social,,identity,False,fraud_leader_job_change@2026-03-01|competitor_renewal_window@2026-03-04|email_reply_positive@2026-02-23,Recycled,,,,,,,,Marketing Queue
L-5649,2026-04-20,Hayden,Dunmore,hayden.dunmore@lakeshorecommunitybank.example,"VP, Fraud Strategy",head_of_fraud,Lakeshore Community Bank,ACC-1081,bank_community,NA,100,0.7,Outbound - Clay,,check,False,,Recycled,,,,,,,,Marketing Queue
L-5650,2026-06-25,Cameron,Rourke,cameron.rourke@keystonefederalcreditunion.example,"Director, Fraud Risk",head_of_fraud,Keystone Federal Credit Union,ACC-1378,credit_union,NA,872,5.7,Outbound - Sales Nav,,identity,True,,Recycled,2026-06-27,2026-06-27,20,,,,,SDR - Dana Lopes
L-5651,2026-04-11,Jamie,Marlow,jamie.marlow@unionsquaregaming.example,"VP Product, Onboarding",fintech_product,Union Square Gaming,ACC-1079,igaming,,1212,,Qualified Chat,,identity,False,qualified_chat_engaged@2026-04-14|competitor_renewal_window@2026-04-15|qualified_chat_engaged@2026-04-20,Disqualified,,,,,,,Not ICP,Marketing Queue
L-5652,2026-04-21,Cameron,Marlow,cameronmarlow@gmail.example,Office Manager,unknown,Granite Peak Studio,ACC-1151,other,NA,201,,Webinar,,identity,False,qualified_chat_engaged@2026-04-23|check_fraud_content_download@2026-05-05|qualified_chat_engaged@2026-05-04,Disqualified,,,,,,,Student/Job Seeker,Marketing Queue
L-5653,2026-09-06,Avery,Ingram,avery.ingram@mapleleafplay.example,"Head of Product, Identity",fintech_product,Maple Leaf Play,ACC-1317,igaming,NA,3708,,Qualified Chat,,identity,False,qualified_chat_engaged@2026-09-21|fraud_leader_job_change@2026-09-17,Working,2026-09-06,2026-09-06,20,,,,,SDR - Fran Moretti
L-5654,2026-07-18,Riley,Orwell,riley.orwell@ironwoodcountyservices.example,VP Information Security,ciso_identity,Ironwood County Services,ACC-1251,adjacent_regulated,NA,12137,,Qualified Chat,,identity,False,qualified_chat_engaged@2026-08-02|check_fraud_content_download@2026-08-04|qualified_chat_engaged@2026-07-20|deepfake_webinar_attended@2026-08-07,Recycled,,,,,,,,Marketing Queue
L-5655,2026-08-24,Avery,Quill,avery.quill@northgatebet.example,"Group PM, Account Opening",fintech_product,Northgate Bet,ACC-1397,igaming,NA,1466,,Content Download,,identity,True,qualified_chat_engaged@2026-08-24|pricing_page_visit@2026-09-11,Working,2026-08-27,2026-08-29,50,,,,,SDR - Alex Rivera
L-5656,2026-09-13,Riley,Ellery,riley.ellery@summitridgeagency.example,Enterprise Architect,procurement_it,Summit Ridge Agency,ACC-1357,other,,398,,Webinar,,identity,False,check_fraud_content_download@2026-09-18|demo_request@2026-09-22|fraud_leader_job_change@2026-09-26,Disqualified,,,,,,,Not ICP,Marketing Queue
L-5657,2026-04-05,Quinn,Hollis,quinn.hollis@keystonerentals.example,Fraud Operations Lead,fraud_analyst,Keystone Rentals,ACC-1413,marketplace,NA,2346,,Outbound - Clay,,identity,False,,Recycled,,,,,,,,Marketing Queue
L-5658,2026-03-30,Kendall,Sutter,kendallsutter@gmail.example,VP Information Security,ciso_identity,Stonebridge Insurance,ACC-1059,adjacent_regulated,NA,1570,,Webinar,,identity,False,,Recycled,,,,,,,,Marketing Queue
L-5659,2026-08-07,Hayden,Rourke,hayden.rourke@keystonecreditunion.example,SVP Digital Banking,head_of_digital_banking,Keystone Credit Union,ACC-1188,credit_union,NA,438,3.7,Outbound - Sales Nav,,check,False,,Working,2026-08-09,2026-08-10,30,,,,,SDR - Alex Rivera
L-5660,2026-02-18,Drew,Pruitt,drew.pruitt@evergreensavingsbank.example,"VP, Fraud Strategy",head_of_fraud,Evergreen Savings Bank,ACC-1012,bank_community,NA,602,9.9,Webinar,,check,False,competitor_renewal_window@2026-03-07|fraud_leader_job_change@2026-03-07,Recycled,,,,,,,,Marketing Queue
L-5661,2026-03-14,Jordan,Quill,jordan.quill@silverlinememberscu.example,Chief Risk Officer,risk_compliance,Silverline Members CU,ACC-1075,credit_union,NA,561,3.0,Outbound - Clay,,identity,False,,Recycled,,,,,,,,Marketing Queue
L-5662,2026-09-07,Parker,Pruitt,parker.pruitt@falconbet.example,"Director, KYC Operations",risk_compliance,Falcon Bet,ACC-1163,igaming,NA,1011,,Content Download,,identity,False,,New,,,,,,,,Marketing Queue
L-5663,2026-03-20,Quinn,Hollis,quinn.hollis@prairiefirstpay.example,"VP Product, Onboarding",fintech_product,Prairie First Pay,ACC-1439,fintech,NA,510,,Webinar,,identity,False,pricing_page_visit@2026-03-22|competitor_renewal_window@2026-04-05|qualified_chat_engaged@2026-04-07,Converted,2026-03-21,2026-03-21,6,2026-04-04,2026-04-06,OPP-7050,,SDR - Bri Okafor
L-5664,2026-07-15,Parker,Thorne,parker.thorne@unionsquaresportsbook.example,"Group PM, Account Opening",fintech_product,Union Square Sportsbook,ACC-1343,igaming,NA,3151,,Outbound - Clay,,identity,False,deepfake_webinar_attended@2026-07-19,Disqualified,,,,,,,Competitor,Marketing Queue
L-5665,2026-09-16,Morgan,Rourke,morgan.rourke@prairiefirstfederalcreditunion.example,BSA/AML Officer,risk_compliance,Prairie First Federal Credit Union,ACC-1266,credit_union,NA,106,5.5,Demo Request,,check,True,demo_request@2026-09-29,New,,,,,,,,Marketing Queue
L-5666,2026-08-30,Skyler,Jessup,skyler.jessup@silverlinehub.example,"Group PM, Account Opening",fintech_product,Silverline Hub,ACC-1201,marketplace,NA,305,,Event,,identity,True,email_reply_positive@2026-09-18,Disqualified,,,,,,,Competitor,Marketing Queue
L-5667,2026-03-16,Blake,Quill,blake.quill@copperstateplay.example,"VP Product, Onboarding",fintech_product,Copper State Play,ACC-1349,igaming,EMEA,3334,,Outbound - Sales Nav,,identity,False,competitor_renewal_window@2026-03-26,Disqualified,,,,,,,No Fraud/IDV Use Case,Marketing Queue
L-5668,2026-05-07,Skyler,Quill,skyler.quill@arborbanktrust.example,Chief Risk Officer,risk_compliance,Arbor Bank & Trust,ACC-1160,bank_regional,NA,6223,108.4,Content Download,,identity,False,check_fraud_content_download@2026-05-13,Recycled,,,,,,,,Marketing Queue
L-5669,2026-04-12,Logan,Quill,logan.quill@unionsquarefederalcreditunion.example,BSA/AML Officer,risk_compliance,Union Square Federal Credit Union,ACC-1410,credit_union,NA,1843,5.2,Event,,identity,False,email_reply_positive@2026-04-22|deepfake_webinar_attended@2026-04-26,Recycled,,,,,,,,Marketing Queue
L-5670,2026-09-16,Logan,Orwell,logan.orwell@falconhub.example,Senior Fraud Manager,fraud_analyst,Falcon Hub,ACC-1093,marketplace,NA,2931,,Event,,identity,False,competitor_renewal_window@2026-09-24,New,,,,,,,,Marketing Queue
L-5671,2026-07-25,Emerson,Rourke,emerson.rourke@northgateexchange.example,Senior Fraud Manager,fraud_analyst,Northgate Exchange,ACC-1416,marketplace,NA,1312,,Qualified Chat,,identity,False,qualified_chat_engaged@2026-08-09,Recycled,,,,,,,,Marketing Queue
L-5672,2026-03-01,Casey,Fairbanks,casey.fairbanks@riverbendneo.example,CISO,ciso_identity,Riverbend Neo,ACC-1321,fintech,NA,2984,,Outbound - Sales Nav,,identity,True,fraud_leader_job_change@2026-03-04,Recycled,,,,,,,,Marketing Queue
L-5673,2026-05-22,Jordan,Alder,jordan.alder@summitridgeconsulting.example,Enterprise Architect,procurement_it,Summit Ridge Consulting,ACC-1280,other,NA,212,,Webinar,,identity,False,fraud_team_hiring@2026-05-28|demo_request@2026-06-09,Recycled,,,,,,,,Marketing Queue
L-5674,2026-07-05,Blake,Sutter,blake.sutter@tidewaterbancorp.example,Head of Deposit Products,head_of_digital_banking,Tidewater Bancorp,ACC-1292,bank_tier1,NA,164610,606.9,Content Download,,identity,False,,Recycled,2026-07-05,2026-07-05,3,2026-07-18,,,,SDR - Alex Rivera
L-5675,2026-08-01,Jamie,Ingram,jamie.ingram@riverbendfederalcreditunion.example,Head of Fraud Prevention,head_of_fraud,Riverbend Federal Credit Union,ACC-1048,credit_union,NA,576,10.1,Content Download,,identity,True,pricing_page_visit@2026-08-06,Recycled,2026-08-04,2026-08-05,30,2026-08-08,,,,SDR - Dana Lopes
L-5676,2026-07-18,Parker,Nash,parker.nash@redwoodcreditunion.example,Fraud Operations Lead,fraud_analyst,Redwood Credit Union,ACC-1076,credit_union,NA,2561,8.6,Qualified Chat,,identity,True,qualified_chat_engaged@2026-07-24,Disqualified,2026-07-21,2026-07-22,30,,,,Competitor,SDR - Fran Moretti
L-5677,2026-04-01,Rowan,Ingram,rowan.ingram@copperstateplay.example,Head of Trust & Safety,trust_and_safety,Copper State Play,ACC-1349,igaming,EMEA,3334,,Outbound - Clay,,identity,False,fraud_leader_job_change@2026-04-12,Recycled,2026-04-04,2026-04-04,1,,,,,SDR - Dana Lopes
L-5678,2026-07-23,Hayden,Orwell,hayden.orwell@silverlinemoney.example,"Group PM, Account Opening",fintech_product,Silverline Money,ACC-1365,fintech,EMEA,2389,,Event,,identity,False,demo_request@2026-08-07,Converted,2026-07-24,2026-07-24,6,2026-07-30,2026-07-31,OPP-7051,,SDR - Fran Moretti
L-5679,2026-04-15,Drew,Calloway,drew.calloway@granitepeakhub.example,Fraud Operations Lead,fraud_analyst,Granite Peak Hub,ACC-1264,marketplace,NA,751,,Qualified Chat,,identity,False,qualified_chat_engaged@2026-04-16|deepfake_webinar_attended@2026-04-17|pricing_page_visit@2026-04-17|email_reply_positive@2026-04-16,Converted,2026-04-16,2026-04-16,20,2026-05-02,2026-05-05,OPP-7052,,SDR - Alex Rivera
L-5680,2026-01-31,Quinn,Hollis,quinnhollis@gmail.example,Head of Fraud Prevention,head_of_fraud,Silverline National Bank,ACC-1118,bank_tier1,NA,83780,1092.1,Webinar,,check,False,competitor_renewal_window@2026-02-13,Recycled,2026-01-31,2026-01-31,6,,,,,SDR - Eli Novak
L-5681,2026-04-06,Avery,Kestrel,avery.kestrel@cedarvalleysavingsbank.example,Chief Risk Officer,risk_compliance,Cedar Valley Savings Bank,ACC-1389,bank_community,NA,881,4.8,Webinar,,check,True,pricing_page_visit@2026-04-13,Disqualified,,,,,,,,Marketing Queue
L-5682,2026-03-13,Quinn,Dunmore,quinn.dunmore@mapleleafmemberscu.example,Head of Fraud Prevention,head_of_fraud,Maple Leaf Members CU,ACC-1240,credit_union,NA,746,0.8,Content Download,,check,False,fraud_leader_job_change@2026-03-31|check_fraud_content_download@2026-03-27|deepfake_webinar_attended@2026-03-27,Recycled,2026-03-16,2026-03-16,3,2026-03-25,,,,SDR - Eli Novak
L-5683,2026-09-30,Parker,Ellery,parker.ellery@silverlinesavingsbank.example,Fraud Analyst,fraud_analyst,Silverline Savings Bank,ACC-1277,bank_community,NA,260,1.1,Outbound - Sales Nav,,identity,False,email_reply_positive@2026-10-01|fraud_team_hiring@2026-10-01|email_reply_positive@2026-10-01|pricing_page_visit@2026-10-01,New,,,,,,,,Marketing Queue
L-5684,2026-07-19,Parker,Garrow,parker.garrow@lakeshorebank.example,Fraud Analyst,fraud_analyst,Lakeshore Bank,ACC-1309,bank_regional,NA,18366,122.0,Outbound - Clay,,check,False,demo_request@2026-07-29,Recycled,,,,,,,,Marketing Queue
L-5685,2026-07-26,Jamie,Orwell,jamie.orwell@granitepeakgaming.example,Head of Trust & Safety,trust_and_safety,Granite Peak Gaming,ACC-1332,igaming,NA,3757,,Content Download,,identity,False,,Recycled,,,,,,,,Marketing Queue
L-5686,2026-05-10,Rowan,Nash,rowan.nash@bluemesamemberscu.example,SVP Digital Banking,head_of_digital_banking,Blue Mesa Members CU,ACC-1212,credit_union,NA,2118,3.3,Webinar,,identity,False,qualified_chat_engaged@2026-05-19|fraud_leader_job_change@2026-05-11|fraud_leader_job_change@2026-05-24,Converted,2026-05-13,2026-05-13,2,2026-05-18,2026-05-22,OPP-7053,,SDR - Bri Okafor
L-5687,2026-02-04,Avery,Orwell,avery.orwell@riverbendlend.example,BSA/AML Officer,risk_compliance,Riverbend Lend,ACC-1381,fintech,LATAM,2658,,Qualified Chat,,identity,False,qualified_chat_engaged@2026-02-15,Converted,2026-02-06,2026-02-06,6,2026-02-20,2026-02-20,OPP-7054,,SDR - Dana Lopes
L-5688,2026-01-23,Skyler,Orwell,skyler.orwell@silverlinemarket.example,Fraud Analyst,fraud_analyst,Silverline Market,ACC-1390,marketplace,NA,309,,Partner Referral,FICO Marketplace,identity,True,pricing_page_visit@2026-02-04,Disqualified,2026-01-24,2026-01-24,2,,,,Existing Open Opp,SDR - Chen Wu
L-5689,2026-04-14,Logan,Ingram,logan.ingram@unionsquarepay.example,"Director, Fraud Risk",head_of_fraud,Union Square Pay,ACC-1006,fintech,EMEA,2226,,Outbound - Clay,,identity,True,fraud_team_hiring@2026-04-18|fraud_team_hiring@2026-05-01,Recycled,,,,,,,,Marketing Queue
L-5690,2026-04-27,Kendall,Lowry,kendall.lowry@redwoodmarket.example,Head of Trust & Safety,trust_and_safety,Redwood Market,ACC-1247,marketplace,NA,3518,,Outbound - Sales Nav,,identity,False,pricing_page_visit@2026-05-12|qualified_chat_engaged@2026-04-29|competitor_renewal_window@2026-05-07,Disqualified,2026-04-29,2026-04-29,8,,,,Duplicate,SDR - Bri Okafor
L-5691,2026-08-15,Parker,Marlow,parker.marlow@cedarvalleyplay.example,"Director, KYC Operations",risk_compliance,Cedar Valley Play,ACC-1417,igaming,LATAM,2012,,Outbound - Sales Nav,,identity,False,email_reply_positive@2026-08-24,Recycled,,,,,,,,Marketing Queue
L-5692,2026-05-12,Hayden,Sutter,hayden.sutter@keystonewallet.example,Head of Fraud Prevention,head_of_fraud,Keystone Wallet,ACC-1114,fintech,NA,898,,Outbound - Sales Nav,,identity,False,qualified_chat_engaged@2026-05-29|email_reply_positive@2026-05-23|fraud_team_hiring@2026-05-24,Recycled,2026-05-15,2026-05-15,2,,,,,SDR - Bri Okafor
L-5693,2026-01-20,Hayden,Hollis,hayden.hollis@bluemesamemberscu.example,Fraud Operations Lead,fraud_analyst,Blue Mesa Members CU,ACC-1212,credit_union,NA,2118,3.3,Event,,check,False,qualified_chat_engaged@2026-01-29|deepfake_webinar_attended@2026-02-04|competitor_renewal_window@2026-02-01|deepfake_webinar_attended@2026-02-01,Recycled,2026-01-22,2026-01-22,20,,,,,SDR - Alex Rivera
L-5694,2026-09-14,Cameron,Lowry,cameron.lowry@redwoodcreditunion.example,Fraud Analyst,fraud_analyst,Redwood Credit Union,ACC-1076,credit_union,NA,2561,8.6,Demo Request,,check,True,demo_request@2026-09-15|demo_request@2026-09-29|pricing_page_visit@2026-09-15|pricing_page_visit@2026-09-23,New,,,,,,,,Marketing Queue
L-5695,2026-01-25,Logan,Jessup,logan.jessup@falconconsulting.example,Consultant,unknown,Falcon Consulting,ACC-1298,other,NA,330,,Qualified Chat,,identity,False,qualified_chat_engaged@2026-01-30|fraud_team_hiring@2026-02-09|qualified_chat_engaged@2026-02-02,Recycled,,,,,,,,Marketing Queue
L-5696,2026-09-16,Parker,Orwell,parker.orwell@oakmontpay.example,"Head of Product, Identity",fintech_product,Oakmont Pay,ACC-1080,fintech,EMEA,992,,Content Download,,identity,False,demo_request@2026-09-28|fraud_leader_job_change@2026-09-21,Working,2026-09-19,2026-09-19,20,,,,,SDR - Fran Moretti
L-5697,2026-05-08,Casey,Brooks,casey.brooks@crescentcreditunion.example,"Director, Fraud Risk",head_of_fraud,Crescent Credit Union,ACC-1167,credit_union,NA,736,2.8,Outbound - Sales Nav,,check,False,,Converted,2026-05-11,2026-05-11,3,2026-05-14,2026-05-16,OPP-7055,,SDR - Bri Okafor
L-5698,2026-08-15,Blake,Sutter,blake.sutter@tidewatermemberscu.example,Senior Fraud Manager,fraud_analyst,Tidewater Members CU,ACC-1367,credit_union,NA,757,9.5,Outbound - Clay,,identity,True,,Recycled,,,,,,,,Marketing Queue
L-5699,2026-01-21,Rowan,Kestrel,rowan.kestrel@lakeshorerentals.example,Head of Trust & Safety,trust_and_safety,Lakeshore Rentals,ACC-1033,marketplace,EMEA,4727,,Paid Social,,identity,False,competitor_renewal_window@2026-02-04,Disqualified,,,,,,,Competitor,Marketing Queue
L-5700,2026-05-13,Skyler,Ellery,skyler.ellery@copperstaterentals.example,Head of Trust & Safety,trust_and_safety,Copper State Rentals,ACC-1003,marketplace,NA,2328,,Outbound - Clay,,identity,False,,Recycled,,,,,,,,Marketing Queue
L-5701,2026-08-06,Avery,Dunmore,avery.dunmore@ironwoodmemberscu.example,"Director, Fraud Risk",head_of_fraud,Ironwood Members CU,ACC-1369,credit_union,NA,1979,3.8,Qualified Chat,,check,True,qualified_chat_engaged@2026-08-16|fraud_leader_job_change@2026-08-16,Recycled,2026-08-08,2026-08-10,50,2026-08-18,,,,SDR - Eli Novak
L-5702,2026-01-25,Hayden,Sutter,hayden.sutter@bayfrontsportsbook.example,Head of Trust & Safety,trust_and_safety,Bayfront Sportsbook,ACC-1100,igaming,EMEA,3457,,Outbound - Sales Nav,,identity,False,email_reply_positive@2026-02-03|email_reply_positive@2026-02-08|demo_request@2026-02-03|fraud_leader_job_change@2026-01-25,Recycled,2026-01-28,2026-01-29,30,,,,,SDR - Dana Lopes
L-5703,2026-01-24,Sage,Hollis,sage.hollis@riverbendbank.example,"Director, KYC Operations",risk_compliance,Riverbend Bank,ACC-1135,bank_regional,NA,6936,200.2,Content Download,,identity,False,check_fraud_content_download@2026-02-05|check_fraud_content_download@2026-01-24,Recycled,2026-01-24,2026-01-24,20,2026-01-27,,,,SDR - Dana Lopes
L-5704,2026-06-10,Blake,Jessup,blake.jessup@prairiefirstlabs.example,Vendor Risk Manager,procurement_it,Prairie First Labs,ACC-1008,other,EMEA,28,,Qualified Chat,,identity,False,qualified_chat_engaged@2026-06-27,Disqualified,,,,,,,Not ICP,Marketing Queue
L-5705,2026-08-12,Avery,Dunmore,avery.dunmore@cedarvalleyagency.example,IT Procurement Lead,procurement_it,Cedar Valley Agency,ACC-1007,other,EMEA,321,,Demo Request,,identity,False,demo_request@2026-08-27,Disqualified,,,,,,,Bad Data,Marketing Queue
L-5706,2026-08-11,Blake,Rourke,blake.rourke@bluemesamemberscu.example,"VP, Fraud Strategy",head_of_fraud,Blue Mesa Members CU,ACC-1212,credit_union,NA,2118,3.3,Content Download,,check,False,fraud_leader_job_change@2026-08-14|check_fraud_content_download@2026-08-20,Disqualified,,,,,,,Not ICP,Marketing Queue
L-5707,2026-04-06,Emerson,Quill,emerson.quill@sterlingmemberscu.example,Chief Risk Officer,risk_compliance,Sterling Members CU,ACC-1398,credit_union,NA,2479,6.1,Demo Request,,identity,False,demo_request@2026-04-09|email_reply_positive@2026-04-23,Recycled,,,,,,,,Marketing Queue
L-5708,2026-05-13,Sage,Rourke,sage.rourke@prairiefirstbank.example,SVP Digital Banking,head_of_digital_banking,Prairie First Bank,ACC-1198,bank_regional,NA,2017,51.8,Qualified Chat,,identity,True,qualified_chat_engaged@2026-05-15|pricing_page_visit@2026-05-17|fraud_leader_job_change@2026-05-18,Recycled,2026-05-16,2026-05-16,20,2026-05-26,,,,SDR - Bri Okafor
L-5709,2026-09-09,Jordan,Brooks,,"VP Product, Onboarding",fintech_product,Maple Leaf Play,ACC-1317,igaming,NA,3708,,Demo Request,,identity,False,demo_request@2026-09-24|email_reply_positive@2026-09-23|fraud_team_hiring@2026-09-19|fraud_leader_job_change@2026-09-15,Converted,2026-09-11,2026-09-11,8,2026-09-26,2026-09-28,OPP-7056,,SDR - Bri Okafor
L-5710,2026-09-28,Skyler,Dunmore,skyler.dunmore@keystoneneo.example,"Head of Product, Identity",fintech_product,Keystone Neo,ACC-1431,fintech,NA,2672,,Partner Referral,Fiserv,identity,False,competitor_renewal_window@2026-10-01|email_reply_positive@2026-10-01,Enriching,,,,,,,,Marketing Queue
L-5711,2026-06-04,Drew,Kestrel,drew.kestrel@redwoodstudio.example,Office Manager,unknown,Redwood Studio,ACC-1274,other,EMEA,202,,Qualified Chat,,identity,False,qualified_chat_engaged@2026-06-13|pricing_page_visit@2026-06-12|fraud_team_hiring@2026-06-08,Recycled,,,,,,,,Marketing Queue
L-5712,2026-05-30,Morgan,Ellery,morgan.ellery@highlandmarket.example,"Director, Trust & Safety",trust_and_safety,Highland Market,ACC-1011,marketplace,NA,1451,,Event,,identity,False,,Recycled,,,,,,,,Marketing Queue
L-5713,2026-06-16,Morgan,Hollis,morgan.hollis@highlandstudio.example,Consultant,unknown,Highland Studio,ACC-1393,other,NA,478,,Demo Request,,identity,False,demo_request@2026-07-04,Disqualified,,,,,,,Not ICP,Marketing Queue
L-5714,2026-06-06,Jordan,Ellery,jordan.ellery@crescentcountyservices.example,IT Procurement Lead,procurement_it,Crescent County Services,ACC-1282,adjacent_regulated,NA,2403,,Demo Request,,identity,False,demo_request@2026-06-15|fraud_team_hiring@2026-06-08|fraud_leader_job_change@2026-06-14,Recycled,,,,,,,,Marketing Queue
L-5715,2026-07-31,Morgan,Kestrel,morgan.kestrel@harborviewmemberscu.example,"Director, KYC Operations",risk_compliance,Harborview Members CU,ACC-1414,credit_union,NA,1930,14.2,Partner Referral,Fiserv,check,True,email_reply_positive@2026-08-07,Recycled,,,,,,,,Marketing Queue
L-5716,2026-09-22,Jordan,Nash,jordan.nash@copperstategaming.example,BSA/AML Officer,risk_compliance,Copper State Gaming,ACC-1064,igaming,NA,3275,,Content Download,,identity,False,demo_request@2026-10-01|check_fraud_content_download@2026-10-01|deepfake_webinar_attended@2026-10-01|email_reply_positive@2026-09-29,Working,2026-09-24,2026-09-24,8,,,,,SDR - Eli Novak
L-5717,2026-05-12,Riley,Marlow,riley.marlow@highlandfederalcreditunion.example,"Director, KYC Operations",risk_compliance,Highland Federal Credit Union,ACC-1147,credit_union,NA,537,0.6,Demo Request,,check,False,demo_request@2026-06-01|competitor_renewal_window@2026-05-12,Disqualified,,,,,,,Competitor,Marketing Queue
L-5718,2026-01-25,Avery,Garrow,avery.garrow@silverlinebank.example,Head of Deposit Products,head_of_digital_banking,Silverline Bank,ACC-1127,bank_regional,LATAM,5381,143.9,Content Download,,check,True,demo_request@2026-01-27|fraud_team_hiring@2026-01-29|deepfake_webinar_attended@2026-02-02|qualified_chat_engaged@2026-02-12,Recycled,2026-01-27,2026-01-27,4,2026-01-31,,,,SDR - Chen Wu
L-5719,2026-09-27,Casey,Garrow,casey.garrow@summitridgebancshares.example,Senior Fraud Manager,fraud_analyst,Summit Ridge Bancshares,ACC-1210,bank_regional,APAC,19905,89.1,Paid Social,,check,True,deepfake_webinar_attended@2026-10-01,New,,,,,,,,Marketing Queue
L-5720,2026-01-06,Emerson,Quill,emerson.quill@clearwaterfederalcreditunion.example,"Director, KYC Operations",risk_compliance,Clearwater Federal Credit Union,ACC-1025,credit_union,NA,1020,1.1,Outbound - Clay,,identity,False,demo_request@2026-01-07,Recycled,2026-01-08,2026-01-08,3,,,,,SDR - Alex Rivera
L-5721,2026-07-02,Rowan,Ingram,rowan.ingram@westfieldexchange.example,"Head of Product, Identity",fintech_product,Westfield Exchange,ACC-1300,marketplace,EMEA,4667,,Paid Social,,identity,True,competitor_renewal_window@2026-07-08|check_fraud_content_download@2026-07-17,Recycled,,,,,,,,Marketing Queue
L-5722,2026-09-22,Cameron,Quill,cameron.quill@sterlingcommunitybank.example,"Director, Fraud Risk",head_of_fraud,Sterling Community Bank,ACC-1196,bank_community,,1270,0.3,Webinar,,identity,False,,New,,,,,,,,Marketing Queue
L-5723,2026-05-29,Avery,Ellery,avery.ellery@meridianrentals.example,Head of Trust & Safety,trust_and_safety,Meridian Rentals,ACC-1054,marketplace,NA,926,,Paid Social,,identity,False,email_reply_positive@2026-06-17|email_reply_positive@2026-06-03|competitor_renewal_window@2026-06-14,Recycled,,,,,,,,Marketing Queue
L-5724,2026-04-10,Taylor,Marlow,taylor.marlow@pinecrestagency.example,Office Manager,unknown,Pinecrest Agency,ACC-1246,other,EMEA,348,,Demo Request,,identity,False,demo_request@2026-04-18|check_fraud_content_download@2026-04-28,Disqualified,,,,,,,Student/Job Seeker,Marketing Queue
L-5725,2026-05-10,Skyler,Lowry,skyler.lowry@stonebridgemutual.example,CISO,ciso_identity,Stonebridge Mutual,ACC-1319,adjacent_regulated,NA,16902,,Event,,identity,False,,Recycled,,,,,,,,Marketing Queue
L-5726,2026-02-26,Emerson,Nash,emerson.nash@evergreenhealth.example,CISO,ciso_identity,Evergreen Health,ACC-1353,adjacent_regulated,NA,23691,,Webinar,,identity,False,demo_request@2026-03-04,Converted,2026-03-01,2026-03-01,3,2026-03-06,2026-03-06,OPP-7057,,SDR - Eli Novak
L-5727,2026-05-28,Drew,Thorne,drew.thorne@cedarvalleycountyservices.example,VP Information Security,ciso_identity,Cedar Valley County Services,ACC-1209,adjacent_regulated,NA,24408,,Outbound - Sales Nav,,identity,False,qualified_chat_engaged@2026-06-07|deepfake_webinar_attended@2026-06-16|qualified_chat_engaged@2026-05-30,Recycled,,,,,,,,Marketing Queue
L-5728,2026-09-12,Logan,Hollis,logan.hollis@summitridgeneo.example,"VP Product, Onboarding",fintech_product,Summit Ridge Neo,ACC-1085,fintech,NA,527,,Content Download,,identity,False,fraud_leader_job_change@2026-09-15|qualified_chat_engaged@2026-09-28,Working,2026-09-14,2026-09-14,8,,,,,SDR - Alex Rivera
L-5729,2026-01-15,Quinn,Hollis,quinn.hollis@keystonefederalcreditunion.example,SVP Digital Banking,head_of_digital_banking,Keystone Federal Credit Union,ACC-1378,credit_union,NA,872,5.7,Paid Social,,check,True,,Recycled,,,,,,,,Marketing Queue
L-5730,2026-04-30,Taylor,Lowry,taylor.lowry@ironwoodconsulting.example,Marketing Coordinator,unknown,Ironwood Consulting,ACC-1338,other,LATAM,208,,Webinar,,identity,False,,Disqualified,,,,,,,Bad Data,Marketing Queue
L-5731,2026-09-04,Cameron,Brooks,cameron.brooks@riverbendbancorp.example,CISO,ciso_identity,Riverbend Bancorp,ACC-1426,bank_tier1,EMEA,36400,1837.7,Outbound - Clay,,identity,False,,Converted,2026-09-05,2026-09-05,4,2026-09-13,2026-09-14,OPP-7058,,SDR - Chen Wu
L-5732,2026-08-24,Kendall,Orwell,kendall.orwell@silverlinemoney.example,Chief Risk Officer,risk_compliance,Silverline Money,ACC-1365,fintech,EMEA,2389,,Webinar,,identity,False,email_reply_positive@2026-09-11|deepfake_webinar_attended@2026-09-07|fraud_team_hiring@2026-08-29,SQL,2026-08-24,2026-08-24,4,2026-09-01,,,,SDR - Eli Novak
L-5733,2026-03-10,Blake,Pruitt,blake.pruitt@stonebridgeinsurance.example,Enterprise Architect,procurement_it,Stonebridge Insurance,ACC-1059,adjacent_regulated,NA,1570,,Qualified Chat,,identity,False,qualified_chat_engaged@2026-03-13,Disqualified,,,,,,,Not ICP,Marketing Queue
L-5734,2026-03-10,Blake,Calloway,blake.calloway@lakeshorebanktrust.example,SVP Digital Banking,head_of_digital_banking,Lakeshore Bank & Trust,ACC-1448,bank_regional,NA,8911,134.7,Content Download,,identity,True,email_reply_positive@2026-03-29|email_reply_positive@2026-03-12|deepfake_webinar_attended@2026-03-27,Recycled,2026-03-11,2026-03-11,3,2026-03-20,,,,SDR - Fran Moretti
L-5735,2026-09-27,Skyler,Orwell,skyler.orwell@lakeshorebancshares.example,"Director, Fraud Risk",head_of_fraud,Lakeshore Bancshares,ACC-1325,bank_regional,NA,17175,136.1,Webinar,,identity,True,qualified_chat_engaged@2026-10-01|email_reply_positive@2026-09-29,Working,2026-09-27,2026-09-27,1,,,,,SDR - Alex Rivera
L-5736,2026-03-30,Riley,Orwell,riley.orwell@unionsquarestudio.example,Marketing Coordinator,unknown,Union Square Studio,ACC-1042,other,NA,156,,Demo Request,,identity,False,demo_request@2026-04-14,Disqualified,,,,,,,Bad Data,Marketing Queue
L-5737,2026-07-04,Reese,Jessup,reese.jessup@unionsquareneo.example,Head of Fraud Prevention,head_of_fraud,Union Square Neo,ACC-1368,fintech,NA,1735,,Event,,identity,False,qualified_chat_engaged@2026-07-20,Disqualified,,,,,,,Competitor,Marketing Queue
L-5738,2026-02-13,Reese,Quill,reese.quill@ironwoodcountyservices.example,Vendor Risk Manager,procurement_it,Ironwood County Services,ACC-1251,adjacent_regulated,NA,12137,,Webinar,,identity,False,,Recycled,,,,,,,,Marketing Queue
L-5739,2026-01-30,Skyler,Calloway,skyler.calloway@riverbendlabs.example,Vendor Risk Manager,procurement_it,Riverbend Labs,ACC-1022,other,NA,59,,Qualified Chat,,identity,False,qualified_chat_engaged@2026-02-11|fraud_leader_job_change@2026-02-19,Disqualified,,,,,,,Student/Job Seeker,Marketing Queue
L-5740,2026-03-22,Jordan,Lowry,jordan.lowry@granitepeakcreditunion.example,Senior Fraud Manager,fraud_analyst,Granite Peak Credit Union,ACC-1120,credit_union,NA,2994,3.1,Paid Social,,identity,True,fraud_leader_job_change@2026-04-02,Recycled,,,,,,,,Marketing Queue
L-5741,2026-04-21,Kendall,Lowry,,CISO,ciso_identity,Northgate Money,ACC-1027,fintech,NA,2281,,Content Download,,identity,False,email_reply_positive@2026-05-05,Disqualified,,,,,,,Competitor,Marketing Queue
L-5742,2026-01-29,Drew,Ingram,drew.ingram@stonebridgemoney.example,BSA/AML Officer,risk_compliance,Stonebridge Money,ACC-1031,fintech,NA,2929,,Demo Request,,identity,False,demo_request@2026-02-14|qualified_chat_engaged@2026-02-15|email_reply_positive@2026-01-29,Recycled,2026-02-01,2026-02-02,30,,,,,SDR - Fran Moretti
L-5743,2026-02-06,Casey,Marlow,casey.marlow@summitridgememberscu.example,"VP, Fraud Strategy",head_of_fraud,Summit Ridge Members CU,ACC-1391,credit_union,NA,78,10.6,Outbound - Clay,,check,True,pricing_page_visit@2026-02-08,Converted,2026-02-08,2026-02-08,20,2026-02-10,2026-02-13,OPP-7059,,SDR - Chen Wu
L-5744,2026-04-24,Emerson,Brooks,emerson.brooks@ironwoodmemberscu.example,Fraud Analyst,fraud_analyst,Ironwood Members CU,ACC-1369,credit_union,NA,1979,3.8,Demo Request,,identity,True,demo_request@2026-04-26,Recycled,2026-04-26,2026-04-26,6,,,,,SDR - Fran Moretti
L-5745,2026-06-28,Parker,Marlow,parker.marlow@evergreenfederalcreditunion.example,Chief Risk Officer,risk_compliance,Evergreen Federal Credit Union,ACC-1345,credit_union,NA,1390,4.7,Partner Referral,Abrigo,identity,False,demo_request@2026-06-30,Disqualified,,,,,,,Competitor,Marketing Queue
L-5746,2026-03-01,Quinn,Ingram,quinn.ingram@lakeshorebancorp.example,"Director, Identity & Access Management",ciso_identity,Lakeshore Bancorp,ACC-1395,bank_tier1,NA,124410,2804.4,Event,,identity,True,email_reply_positive@2026-03-17,Recycled,2026-03-01,2026-03-01,8,2026-03-13,,,,SDR - Bri Okafor
L-5747,2026-04-21,Sage,Ingram,sage.ingram@stonebridgerentals.example,"Director, Trust & Safety",trust_and_safety,Stonebridge Rentals,ACC-1104,marketplace,NA,2149,,Event,,identity,False,,Recycled,2026-04-22,2026-04-22,3,,,,,SDR - Eli Novak
L-5748,2026-01-29,Taylor,Pruitt,taylor.pruitt@pinecrestmoney.example,"VP Product, Onboarding",fintech_product,Pinecrest Money,ACC-1238,fintech,NA,1978,,Content Download,,identity,False,qualified_chat_engaged@2026-02-18,Recycled,2026-01-30,2026-01-30,1,,,,,SDR - Eli Novak
L-5749,2026-06-21,Sage,Nash,sage.nash@cedarvalleysavingsbank.example,Senior Fraud Manager,fraud_analyst,Cedar Valley Savings Bank,ACC-1389,bank_community,NA,881,4.8,Outbound - Clay,,check,True,,Recycled,2026-06-22,2026-06-22,4,,,,,SDR - Dana Lopes
L-5750,2026-09-30,Parker,Pruitt,parker.pruitt@northgatememberscu.example,Head of Fraud Prevention,head_of_fraud,Northgate Members CU,ACC-1057,credit_union,NA,1112,2.6,Qualified Chat,,check,True,qualified_chat_engaged@2026-10-01,New,,,,,,,,Marketing Queue
L-5751,2026-04-24,Jordan,Calloway,jordan.calloway@meridianmarket.example,Fraud Operations Lead,fraud_analyst,Meridian Market,ACC-1001,marketplace,NA,310,,Outbound - Clay,,identity,True,fraud_leader_job_change@2026-04-28,Recycled,2026-04-26,2026-04-26,2,,,,,SDR - Dana Lopes
L-5752,2026-03-17,Quinn,Garrow,quinn.garrow@summitridgeplay.example,Chief Risk Officer,risk_compliance,Summit Ridge Play,ACC-1175,igaming,EMEA,3748,,Outbound - Clay,,identity,False,,Disqualified,2026-03-20,2026-03-20,6,,,,Not ICP,SDR - Fran Moretti
L-5753,2026-03-12,Avery,Kestrel,avery.kestrel@riverbendlend.example,BSA/AML Officer,risk_compliance,Riverbend Lend,ACC-1381,fintech,LATAM,2658,,Partner Referral,FICO Marketplace,identity,False,demo_request@2026-03-23,Recycled,2026-03-12,2026-03-14,50,,,,,SDR - Alex Rivera
L-5754,2026-02-02,Morgan,Alder,morgan.alder@silverlinefederalcreditunion.example,Head of Fraud Prevention,head_of_fraud,Silverline Federal Credit Union,ACC-1021,credit_union,NA,687,6.9,Partner Referral,Abrigo,check,False,fraud_team_hiring@2026-02-21,Recycled,2026-02-03,2026-02-03,2,,,,,SDR - Chen Wu
L-5755,2026-09-22,Parker,Nash,parker.nash@cedarvalleystudio.example,Consultant,unknown,Cedar Valley Studio,ACC-1026,other,EMEA,394,,Partner Referral,Abrigo,identity,False,qualified_chat_engaged@2026-10-01,Disqualified,,,,,,,Not ICP,Marketing Queue
L-5756,2026-01-25,Sage,Orwell,sage.orwell@highlandgaming.example,"VP Product, Onboarding",fintech_product,Highland Gaming,ACC-1148,igaming,NA,106,,Demo Request,,identity,False,demo_request@2026-01-25,Recycled,2026-01-26,2026-01-26,20,2026-01-31,,,,SDR - Alex Rivera
L-5757,2026-08-24,Logan,Calloway,logan.calloway@evergreenstatebank.example,"Director, KYC Operations",risk_compliance,Evergreen State Bank,ACC-1052,bank_community,NA,1490,3.2,Qualified Chat,,check,False,qualified_chat_engaged@2026-09-09|fraud_leader_job_change@2026-09-11,Disqualified,,,,,,,No Fraud/IDV Use Case,Marketing Queue
L-5758,2026-07-30,Kendall,Thorne,kendall.thorne@keystonerentals.example,"Director, Trust & Safety",trust_and_safety,Keystone Rentals,ACC-1413,marketplace,NA,2346,,Outbound - Clay,,identity,False,fraud_team_hiring@2026-08-08|email_reply_positive@2026-08-19,Disqualified,,,,,,,Not ICP,Marketing Queue
L-5759,2026-07-11,Riley,Jessup,rileyjessup@gmail.example,Vendor Risk Manager,procurement_it,Redwood Mutual,ACC-1074,adjacent_regulated,NA,22052,,Outbound - Clay,,identity,False,deepfake_webinar_attended@2026-07-15|fraud_leader_job_change@2026-07-29,Disqualified,,,,,,,Not ICP,Marketing Queue
L-5760,2026-04-29,Hayden,Thorne,hayden.thorne@silverlinebancshares.example,SVP Digital Banking,head_of_digital_banking,Silverline Bancshares,ACC-1055,bank_regional,NA,12735,58.9,Paid Social,,identity,False,fraud_team_hiring@2026-05-11|email_reply_positive@2026-04-30,Recycled,2026-04-29,2026-04-30,30,,,,,SDR - Fran Moretti
L-5761,2026-05-01,Jamie,Quill,jamie.quill@clearwaterlend.example,BSA/AML Officer,risk_compliance,Clearwater Lend,ACC-1110,fintech,NA,1513,,Partner Referral,FICO Marketplace,identity,False,fraud_leader_job_change@2026-05-21,Disqualified,,,,,,,No Fraud/IDV Use Case,Marketing Queue
L-5762,2026-03-06,Logan,Lowry,logan.lowry@prairiefirstrentals.example,Fraud Operations Lead,fraud_analyst,Prairie First Rentals,ACC-1208,marketplace,NA,3935,,Webinar,,identity,True,fraud_team_hiring@2026-03-16|demo_request@2026-03-23|pricing_page_visit@2026-03-18,Recycled,,,,,,,,Marketing Queue
L-5763,2026-08-01,Casey,Garrow,casey.garrow@meridianmemberscu.example,BSA/AML Officer,risk_compliance,Meridian Members CU,ACC-1193,credit_union,NA,1509,1.1,Demo Request,,identity,True,demo_request@2026-08-01|email_reply_positive@2026-08-16|fraud_team_hiring@2026-08-04,Disqualified,,,,,,,No Fraud/IDV Use Case,Marketing Queue
L-5764,2026-05-08,Jamie,Alder,jamiealder@gmail.example,"VP, Fraud Strategy",head_of_fraud,Pinecrest State Bank,ACC-1204,bank_community,NA,1173,7.2,Paid Social,,identity,True,check_fraud_content_download@2026-05-28|demo_request@2026-05-08|pricing_page_visit@2026-05-23,Disqualified,,,,,,,No Fraud/IDV Use Case,Marketing Queue
L-5765,2026-09-19,Taylor,Thorne,taylor.thorne@stonebridgeinsurance.example,Chief Risk Officer,risk_compliance,Stonebridge Insurance,ACC-1059,adjacent_regulated,NA,1570,,Content Download,,identity,False,,New,,,,,,,,Marketing Queue
L-5766,2026-02-02,Kendall,Calloway,kendall.calloway@falconagency.example,Enterprise Architect,procurement_it,Falcon Agency,ACC-1192,other,NA,356,,Paid Social,,identity,False,,Disqualified,,,,,,,Not ICP,Marketing Queue
L-5767,2026-08-19,Drew,Ingram,drewingram@gmail.example,"Group PM, Account Opening",fintech_product,Bayfront Sportsbook,ACC-1100,igaming,EMEA,3457,,Outbound - Clay,,identity,False,demo_request@2026-08-30|deepfake_webinar_attended@2026-09-08,SQL,2026-08-21,2026-08-21,20,2026-09-03,,,,SDR - Dana Lopes
L-5768,2026-03-12,Parker,Pruitt,parker.pruitt@silverlinemarket.example,"VP Product, Onboarding",fintech_product,Silverline Market,ACC-1390,marketplace,NA,309,,Webinar,,identity,True,email_reply_positive@2026-03-14,Recycled,,,,,,,,Marketing Queue
L-5769,2026-01-16,Morgan,Ellery,morgan.ellery@highlandstudio.example,Student,unknown,Highland Studio,ACC-1393,other,NA,478,,Outbound - Clay,,identity,False,email_reply_positive@2026-01-24|qualified_chat_engaged@2026-01-22|deepfake_webinar_attended@2026-01-22|competitor_renewal_window@2026-01-23,Recycled,2026-01-18,2026-01-18,20,2026-01-28,,,,SDR - Bri Okafor
L-5770,2026-02-14,Riley,Hollis,riley.hollis@crescentbancshares.example,"VP, Fraud Strategy",head_of_fraud,Crescent Bancshares,ACC-1347,bank_regional,APAC,11690,175.7,Webinar,,identity,False,,Disqualified,2026-02-17,2026-02-19,50,,,,Existing Open Opp,SDR - Dana Lopes
L-5771,2026-06-05,Logan,Kestrel,logan.kestrel@unionsquarebancshares.example,IT Procurement Lead,procurement_it,Union Square Bancshares,ACC-1038,bank_regional,NA,19213,210.6,Paid Social,,identity,False,demo_request@2026-06-10,Disqualified,,,,,,,Not ICP,Marketing Queue
L-5772,2026-08-24,Riley,Ellery,riley.ellery@northgatemoney.example,"Director, Fraud Risk",head_of_fraud,Northgate Money,ACC-1027,fintech,NA,2281,,Content Download,,identity,False,qualified_chat_engaged@2026-09-05|competitor_renewal_window@2026-09-10,Converted,2026-08-25,2026-08-25,3,2026-09-09,2026-09-09,OPP-7060,,SDR - Eli Novak
L-5773,2026-02-26,Logan,Rourke,logan.rourke@arborcreditunion.example,"Director, Fraud Risk",head_of_fraud,Arbor Credit Union,ACC-1423,credit_union,NA,515,12.5,Content Download,,identity,False,fraud_team_hiring@2026-03-03,Recycled,2026-03-01,2026-03-01,4,,,,,SDR - Bri Okafor
L-5774,2026-08-02,Parker,Sutter,parker.sutter@copperstatecreditunion.example,Chief Risk Officer,risk_compliance,Copper State Credit Union,ACC-1278,credit_union,NA,2865,6.8,Qualified Chat,,identity,True,qualified_chat_engaged@2026-08-02,Disqualified,,,,,,,No Fraud/IDV Use Case,Marketing Queue
L-5775,2026-05-05,Cameron,Alder,cameron.alder@falconrentals.example,"Head of Product, Identity",fintech_product,Falcon Rentals,ACC-1206,marketplace,NA,1921,,Outbound - Clay,,identity,False,pricing_page_visit@2026-05-05,Recycled,,,,,,,,Marketing Queue
L-5776,2026-02-18,Emerson,Dunmore,emerson.dunmore@crescentcreditunion.example,"VP, Fraud Strategy",head_of_fraud,Crescent Credit Union,ACC-1167,credit_union,NA,736,2.8,Outbound - Clay,,check,False,fraud_leader_job_change@2026-02-18|fraud_leader_job_change@2026-03-07,Recycled,,,,,,,,Marketing Queue
L-5777,2026-06-21,Blake,Alder,blake.alder@copperstatemoney.example,"Director, Fraud Risk",head_of_fraud,Copper State Money,ACC-1037,fintech,NA,1053,,Outbound - Clay,,identity,False,demo_request@2026-07-08|email_reply_positive@2026-06-29|deepfake_webinar_attended@2026-07-04|email_reply_positive@2026-06-30,Disqualified,,,,,,,Not ICP,Marketing Queue
L-5778,2026-08-14,Casey,Jessup,casey.jessup@bayfronthealth.example,VP Information Security,ciso_identity,Bayfront Health,ACC-1373,adjacent_regulated,EMEA,6365,,Paid Social,,identity,False,check_fraud_content_download@2026-09-03,Recycled,,,,,,,,Marketing Queue
L-5779,2026-07-01,Emerson,Calloway,emerson.calloway@summitridgestatebank.example,"Director, KYC Operations",risk_compliance,Summit Ridge State Bank,ACC-1043,bank_community,,1160,0.9,Outbound - Sales Nav,,identity,True,email_reply_positive@2026-07-15|demo_request@2026-07-21,Recycled,2026-07-04,2026-07-04,4,,,,,SDR - Dana Lopes
L-5780,2026-02-13,Rowan,Rourke,rowan.rourke@ironwoodplay.example,Head of Trust & Safety,trust_and_safety,Ironwood Play,ACC-1140,igaming,NA,1861,,Demo Request,,identity,False,demo_request@2026-02-28|email_reply_positive@2026-02-28,Recycled,,,,,,,,Marketing Queue
L-5781,2026-06-17,Jordan,Rourke,jordan.rourke@stonebridgepay.example,Head of Fraud Prevention,head_of_fraud,Stonebridge Pay,ACC-1428,fintech,NA,1905,,Partner Referral,FICO Marketplace,identity,False,,Converted,2026-06-18,2026-06-18,4,2026-07-01,2026-07-01,OPP-7061,,SDR - Dana Lopes
L-5782,2026-08-26,Drew,Rourke,drew.rourke@clearwaterstatebank.example,Chief Risk Officer,risk_compliance,Clearwater State Bank,ACC-1195,bank_community,NA,474,6.0,Qualified Chat,,identity,False,qualified_chat_engaged@2026-08-31,Working,2026-08-27,2026-08-29,50,,,,,SDR - Bri Okafor
L-5783,2026-04-10,Jamie,Garrow,jamie.garrow@mapleleaffederalcreditunion.example,BSA/AML Officer,risk_compliance,Maple Leaf Federal Credit Union,ACC-1180,credit_union,NA,713,4.0,Content Download,,check,False,pricing_page_visit@2026-04-27|check_fraud_content_download@2026-04-22,Recycled,2026-04-11,2026-04-11,6,2026-04-23,,,,SDR - Fran Moretti
L-5784,2026-06-29,Logan,Fairbanks,logan.fairbanks@redwoodmarket.example,"Director, Trust & Safety",trust_and_safety,Redwood Market,ACC-1247,marketplace,NA,3518,,Outbound - Clay,,identity,False,,Recycled,,,,,,,,Marketing Queue
L-5785,2026-09-20,Parker,Quill,parker.quill@evergreenstatebank.example,Head of Fraud Prevention,head_of_fraud,Evergreen State Bank,ACC-1052,bank_community,NA,1490,3.2,Demo Request,,identity,False,demo_request@2026-10-01|fraud_leader_job_change@2026-09-20,Working,2026-09-22,2026-09-23,30,,,,,SDR - Bri Okafor
L-5786,2026-06-10,Parker,Fairbanks,parker.fairbanks@copperstaterentals.example,Head of Trust & Safety,trust_and_safety,Copper State Rentals,ACC-1003,marketplace,NA,2328,,Demo Request,,identity,False,demo_request@2026-06-28|qualified_chat_engaged@2026-06-13|competitor_renewal_window@2026-06-29,Recycled,,,,,,,,Marketing Queue
L-5787,2026-04-22,Emerson,Dunmore,emerson.dunmore@keystonebancshares.example,BSA/AML Officer,risk_compliance,Keystone Bancshares,ACC-1044,bank_regional,APAC,18903,47.8,Outbound - Clay,,check,False,fraud_leader_job_change@2026-05-01,Recycled,2026-04-23,2026-04-23,8,,,,,SDR - Fran Moretti
L-5788,2026-05-06,Avery,Thorne,avery.thorne@summitridgewallet.example,"VP Product, Onboarding",fintech_product,Summit Ridge Wallet,ACC-1433,fintech,APAC,2014,,Outbound - Clay,,identity,True,fraud_leader_job_change@2026-05-07,Disqualified,,,,,,,Not ICP,Marketing Queue
L-5789,2026-04-05,Logan,Quill,logan.quill@pinecrestbank.example,Chief Risk Officer,risk_compliance,Pinecrest Bank,ACC-1018,bank_regional,EMEA,15333,153.1,Outbound - Sales Nav,,check,True,email_reply_positive@2026-04-08,Recycled,,,,,,,,Marketing Queue
L-5790,2026-07-29,Logan,Quill,logan.quill@ironwoodsavingsbank.example,"Director, KYC Operations",risk_compliance,Ironwood Savings Bank,ACC-1432,bank_community,NA,641,1.7,Webinar,,identity,True,fraud_leader_job_change@2026-08-15|fraud_team_hiring@2026-08-11|demo_request@2026-08-08,Disqualified,2026-07-30,2026-07-30,3,,,,No Fraud/IDV Use Case,SDR - Fran Moretti
L-5791,2026-06-27,Riley,Calloway,riley.calloway@bayfrontmarket.example,Senior Fraud Manager,fraud_analyst,Bayfront Market,ACC-1143,marketplace,NA,2626,,Outbound - Clay,,identity,False,fraud_leader_job_change@2026-07-16|check_fraud_content_download@2026-07-02|email_reply_positive@2026-07-01|check_fraud_content_download@2026-07-16,Recycled,2026-06-28,2026-06-28,1,,,,,SDR - Chen Wu
L-5792,2026-05-03,Skyler,Kestrel,skyler.kestrel@crescentmutual.example,VP Information Security,ciso_identity,Crescent Mutual,ACC-1327,adjacent_regulated,NA,6500,,Demo Request,,identity,False,demo_request@2026-05-23|qualified_chat_engaged@2026-05-13|fraud_leader_job_change@2026-05-05|deepfake_webinar_attended@2026-05-03,Recycled,,,,,,,,Marketing Queue
L-5793,2026-06-09,Parker,Hollis,parker.hollis@meridianconsulting.example,Marketing Coordinator,unknown,Meridian Consulting,ACC-1051,other,EMEA,194,,Paid Social,,identity,False,email_reply_positive@2026-06-28|fraud_team_hiring@2026-06-21|competitor_renewal_window@2026-06-13,Recycled,,,,,,,,Marketing Queue
L-5794,2026-09-25,Blake,Dunmore,blake.dunmore@clearwatercreditunion.example,Chief Risk Officer,risk_compliance,Clearwater Credit Union,ACC-1066,credit_union,NA,953,0.6,Webinar,,check,True,check_fraud_content_download@2026-10-01|qualified_chat_engaged@2026-10-01|deepfake_webinar_attended@2026-09-30,Working,2026-09-26,2026-09-26,1,,,,,SDR - Dana Lopes
L-5795,2026-02-20,Taylor,Rourke,taylor.rourke@keystonefederalcreditunion.example,"Director, Digital Channels",head_of_digital_banking,Keystone Federal Credit Union,ACC-1378,credit_union,NA,872,5.7,Partner Referral,Abrigo,check,True,competitor_renewal_window@2026-02-25,Recycled,,,,,,,,Marketing Queue
L-5796,2026-04-07,Cameron,Rourke,cameron.rourke@sterlingstatebank.example,"Director, Fraud Risk",head_of_fraud,Sterling State Bank,ACC-1233,bank_community,NA,1061,4.8,Event,,identity,False,fraud_leader_job_change@2026-04-15,Recycled,2026-04-07,2026-04-07,8,2026-04-10,,,,SDR - Fran Moretti
L-5797,2026-05-08,Emerson,Dunmore,emerson.dunmore@ironwoodstatebank.example,Fraud Operations Lead,fraud_analyst,Ironwood State Bank,ACC-1232,bank_community,NA,363,7.7,Demo Request,,identity,False,demo_request@2026-05-13,Recycled,,,,,,,,Marketing Queue
L-5798,2026-04-10,Logan,Sutter,logan.sutter@highlandinsurance.example,IT Procurement Lead,procurement_it,Highland Insurance,ACC-1111,adjacent_regulated,NA,24245,,Qualified Chat,,identity,False,qualified_chat_engaged@2026-04-14,Recycled,,,,,,,,Marketing Queue
L-5799,2026-02-12,Jamie,Fairbanks,jamie.fairbanks@evergreenpay.example,"Director, KYC Operations",risk_compliance,Evergreen Pay,ACC-1409,fintech,NA,57,,Paid Social,,identity,False,email_reply_positive@2026-02-16,Disqualified,,,,,,,Competitor,Marketing Queue
L-5800,2026-08-06,Jamie,Fairbanks,jamie.fairbanks@copperstatehealth.example,BSA/AML Officer,risk_compliance,Copper State Health,ACC-1157,adjacent_regulated,NA,15698,,Demo Request,,identity,False,demo_request@2026-08-21,Recycled,,,,,,,,Marketing Queue
L-5801,2026-03-05,Morgan,Fairbanks,morgan.fairbanks@clearwaterbancshares.example,Senior Fraud Manager,fraud_analyst,Clearwater Bancshares,ACC-1295,bank_regional,NA,7462,194.3,Webinar,,identity,True,competitor_renewal_window@2026-03-05|pricing_page_visit@2026-03-23|pricing_page_visit@2026-03-19,Disqualified,,,,,,,Competitor,Marketing Queue
L-5802,2026-03-16,Riley,Ellery,riley.ellery@sterlingconsulting.example,Marketing Coordinator,unknown,Sterling Consulting,ACC-1362,other,NA,343,,Partner Referral,FICO Marketplace,identity,False,pricing_page_visit@2026-03-16,Recycled,,,,,,,,Marketing Queue
L-5803,2026-09-12,Emerson,Lowry,emerson.lowry@riverbendbank.example,Vendor Risk Manager,procurement_it,Riverbend Bank,ACC-1135,bank_regional,NA,6936,200.2,Outbound - Sales Nav,,identity,False,email_reply_positive@2026-09-30,New,,,,,,,,Marketing Queue
L-5804,2026-02-05,Jamie,Marlow,jamie.marlow@arborstatebank.example,Fraud Operations Lead,fraud_analyst,Arbor State Bank,ACC-1326,bank_community,NA,751,5.6,Qualified Chat,,identity,False,qualified_chat_engaged@2026-02-14,Recycled,2026-02-05,2026-02-05,8,,,,,SDR - Eli Novak
L-5805,2026-01-16,Morgan,Jessup,morgan.jessup@clearwaterlabs.example,Marketing Coordinator,unknown,Clearwater Labs,ACC-1444,other,EMEA,351,,Webinar,,identity,False,pricing_page_visit@2026-02-03|fraud_leader_job_change@2026-01-16,Recycled,,,,,,,,Marketing Queue
L-5806,2026-09-02,Kendall,Dunmore,kendall.dunmore@clearwaterbancshares.example,Fraud Analyst,fraud_analyst,Clearwater Bancshares,ACC-1295,bank_regional,NA,7462,194.3,Demo Request,,check,True,demo_request@2026-09-04,New,,,,,,,,Marketing Queue
L-5807,2026-08-28,Riley,Thorne,riley.thorne@unionsquareconsulting.example,Vendor Risk Manager,procurement_it,Union Square Consulting,ACC-1060,other,EMEA,112,,Outbound - Clay,,identity,False,pricing_page_visit@2026-08-29,Disqualified,,,,,,,Student/Job Seeker,Marketing Queue
L-5808,2026-03-07,Emerson,Hollis,emerson.hollis@lakeshorefederalcreditunion.example,Head of Deposit Products,head_of_digital_banking,Lakeshore Federal Credit Union,ACC-1092,credit_union,NA,1635,13.6,Qualified Chat,,check,False,qualified_chat_engaged@2026-03-23,Recycled,2026-03-08,2026-03-08,20,2026-03-13,,,,SDR - Fran Moretti
L-5809,2026-09-28,Riley,Calloway,riley.calloway@lakeshorebanktrust.example,BSA/AML Officer,risk_compliance,Lakeshore Bank & Trust,ACC-1448,bank_regional,NA,8911,134.7,Demo Request,,identity,True,demo_request@2026-10-01,Enriching,,,,,,,,Marketing Queue
L-5810,2026-06-21,Reese,Marlow,reese.marlow@unionsquarestatebank.example,"Director, Digital Channels",head_of_digital_banking,Union Square State Bank,ACC-1440,bank_community,NA,1254,7.0,Webinar,,check,False,,Recycled,,,,,,,,Marketing Queue
L-5811,2026-01-05,Riley,Hollis,riley.hollis@pinecrestconsulting.example,Consultant,unknown,Pinecrest Consulting,ACC-1194,other,NA,175,,Content Download,,identity,False,fraud_leader_job_change@2026-01-09|competitor_renewal_window@2026-01-05,Disqualified,,,,,,,Student/Job Seeker,Marketing Queue
L-5812,2026-07-22,Morgan,Ellery,morganellery@gmail.example,Chief Risk Officer,risk_compliance,Redwood Lend,ACC-1276,fintech,NA,2497,,Paid Social,,identity,False,pricing_page_visit@2026-07-28|demo_request@2026-07-30,Recycled,,,,,,,,Marketing Queue
L-5813,2026-09-15,Kendall,Thorne,kendall.thorne@silverlinestudio.example,Marketing Coordinator,unknown,Silverline Studio,ACC-1245,other,NA,367,,Paid Social,,identity,False,,New,,,,,,,,Marketing Queue
L-5814,2026-03-12,Quinn,Alder,quinn.alder@crescentfederalcreditunion.example,Head of Fraud Prevention,head_of_fraud,Crescent Federal Credit Union,ACC-1211,credit_union,NA,2993,1.0,Webinar,,identity,True,email_reply_positive@2026-04-01|qualified_chat_engaged@2026-03-22|fraud_leader_job_change@2026-03-20,Recycled,2026-03-12,2026-03-12,2,2026-03-19,,,,SDR - Eli Novak
L-5815,2026-08-24,Morgan,Lowry,morgan.lowry@highlandstudio.example,Vendor Risk Manager,procurement_it,Highland Studio,ACC-1393,other,NA,478,,Event,,identity,False,check_fraud_content_download@2026-09-12,Recycled,,,,,,,,Marketing Queue
L-5816,2026-02-28,Blake,Brooks,blake.brooks@westfieldmoney.example,CISO,ciso_identity,Westfield Money,ACC-1128,fintech,EMEA,1588,,Webinar,,identity,False,check_fraud_content_download@2026-03-14|fraud_team_hiring@2026-02-28|qualified_chat_engaged@2026-03-01,Recycled,2026-02-28,2026-02-28,4,2026-03-16,,,,SDR - Alex Rivera
L-5817,2026-05-26,Jordan,Rourke,jordanrourke@gmail.example,VP Information Security,ciso_identity,Maple Leaf Neo,ACC-1230,fintech,NA,1461,,Demo Request,,identity,False,demo_request@2026-06-11,Recycled,,,,,,,,Marketing Queue
L-5818,2026-03-01,Jordan,Nash,jordan.nash@lakeshorehub.example,Fraud Analyst,fraud_analyst,Lakeshore Hub,ACC-1015,marketplace,NA,3808,,Event,,identity,True,competitor_renewal_window@2026-03-03|deepfake_webinar_attended@2026-03-17,Recycled,,,,,,,,Marketing Queue
L-5819,2026-07-08,Quinn,Dunmore,quinn.dunmore@northgateexchange.example,"Group PM, Account Opening",fintech_product,Northgate Exchange,ACC-1416,marketplace,NA,1312,,Partner Referral,CSI,identity,False,deepfake_webinar_attended@2026-07-20,Recycled,,,,,,,,Marketing Queue
L-5820,2026-08-21,Riley,Rourke,rileyrourke@gmail.example,Head of Deposit Products,head_of_digital_banking,Pinecrest Financial Group,ACC-1346,bank_tier1,NA,36285,2086.4,Outbound - Clay,,check,False,check_fraud_content_download@2026-09-05|demo_request@2026-08-27,Working,2026-08-22,2026-08-23,30,,,,,SDR - Dana Lopes
L-5821,2026-02-14,Avery,Brooks,avery.brooks@unionsquarehub.example,Head of Trust & Safety,trust_and_safety,Union Square Hub,ACC-1421,marketplace,NA,857,,Event,,identity,False,email_reply_positive@2026-02-21|pricing_page_visit@2026-03-01,Recycled,2026-02-14,2026-02-14,6,,,,,SDR - Alex Rivera
L-5822,2026-09-10,Drew,Brooks,drewbrooks@gmail.example,Vendor Risk Manager,procurement_it,Falcon Bank,ACC-1228,bank_regional,NA,14621,135.8,Outbound - Sales Nav,,check,True,,New,,,,,,,,Marketing Queue
L-5823,2026-01-06,Quinn,Brooks,quinn.brooks@pinecrestmemberscu.example,BSA/AML Officer,risk_compliance,Pinecrest Members CU,ACC-1420,credit_union,NA,221,8.5,Event,,check,False,qualified_chat_engaged@2026-01-16,Recycled,,,,,,,,Marketing Queue
L-5824,2026-04-29,Hayden,Marlow,hayden.marlow@bayfrontlend.example,VP Information Security,ciso_identity,Bayfront Lend,ACC-1202,fintech,NA,2038,,Demo Request,,identity,False,demo_request@2026-05-02,Converted,2026-05-02,2026-05-02,2,2026-05-11,2026-05-11,OPP-7062,,SDR - Chen Wu
L-5825,2026-04-04,Logan,Thorne,logan.thorne@silverlinebank.example,"Director, Digital Channels",head_of_digital_banking,Silverline Bank,ACC-1127,bank_regional,,5381,143.9,Event,,check,True,deepfake_webinar_attended@2026-04-20,Recycled,,,,,,,,Marketing Queue
L-5826,2026-03-30,Emerson,Rourke,emerson.rourke@unionsquarehub.example,"Group PM, Account Opening",fintech_product,Union Square Hub,ACC-1421,marketplace,NA,857,,Outbound - Clay,,identity,False,pricing_page_visit@2026-03-30|deepfake_webinar_attended@2026-04-13|demo_request@2026-04-15,Disqualified,2026-03-31,2026-03-31,1,,,,Not ICP,SDR - Alex Rivera
L-5827,2026-09-24,Morgan,Orwell,morgan.orwell@granitepeakcreditunion.example,Chief Risk Officer,risk_compliance,Granite Peak Credit Union,ACC-1120,credit_union,NA,2994,3.1,Partner Referral,FICO Marketplace,identity,True,pricing_page_visit@2026-09-27,New,,,,,,,,Marketing Queue
L-5828,2026-05-18,Emerson,Lowry,emerson.lowry@arborexchange.example,"VP Product, Onboarding",fintech_product,Arbor Exchange,ACC-1279,marketplace,NA,3613,,Paid Social,,identity,False,pricing_page_visit@2026-05-21,Recycled,2026-05-21,2026-05-23,50,,,,,SDR - Alex Rivera
L-5829,2026-01-28,Quinn,Garrow,quinn.garrow@evergreenbancorp.example,Senior Fraud Manager,fraud_analyst,Evergreen Bancorp,ACC-1132,bank_tier1,NA,96351,339.8,Outbound - Clay,,identity,True,competitor_renewal_window@2026-01-30,Disqualified,2026-01-28,2026-01-28,3,,,,Bad Data,SDR - Bri Okafor
L-5830,2026-09-20,Parker,Brooks,parker.brooks@oakmontmoney.example,VP Information Security,ciso_identity,Oakmont Money,ACC-1307,fintech,NA,1125,,Webinar,,identity,False,fraud_team_hiring@2026-10-01,Working,2026-09-20,2026-09-20,6,,,,,SDR - Dana Lopes
L-5831,2026-08-11,Jamie,Fairbanks,jamie.fairbanks@northgatememberscu.example,BSA/AML Officer,risk_compliance,Northgate Members CU,ACC-1057,credit_union,NA,1112,2.6,Qualified Chat,,check,True,qualified_chat_engaged@2026-08-31,Converted,2026-08-14,2026-08-14,8,2026-08-30,2026-09-04,OPP-7063,,SDR - Bri Okafor
L-5832,2026-08-08,Hayden,Alder,hayden.alder@clearwaterbank.example,"VP, Fraud Strategy",head_of_fraud,Clearwater Bank,ACC-1149,bank_regional,NA,5349,165.5,Paid Social,,check,True,fraud_team_hiring@2026-08-20|email_reply_positive@2026-08-15|check_fraud_content_download@2026-08-27,Working,2026-08-08,2026-08-08,3,,,,,SDR - Bri Okafor
L-5833,2026-08-01,Sage,Sutter,sage.sutter@cedarvalleymoney.example,Head of Fraud Prevention,head_of_fraud,Cedar Valley Money,ACC-1182,fintech,EMEA,954,,Paid Social,,identity,False,pricing_page_visit@2026-08-01,Recycled,2026-08-04,2026-08-06,50,,,,,SDR - Bri Okafor
L-5834,2026-09-07,Reese,Calloway,reese.calloway@evergreenbancorp.example,Chief Risk Officer,risk_compliance,Evergreen Bancorp,ACC-1132,bank_tier1,NA,96351,339.8,Webinar,,check,True,email_reply_positive@2026-09-21|qualified_chat_engaged@2026-09-20|demo_request@2026-09-26|qualified_chat_engaged@2026-09-09,Working,2026-09-08,2026-09-08,4,,,,,SDR - Dana Lopes
L-5835,2026-01-05,Jamie,Brooks,jamie.brooks@unionsquareneo.example,VP Information Security,ciso_identity,Union Square Neo,ACC-1368,fintech,NA,1735,,Event,,identity,False,,Recycled,,,,,,,,Marketing Queue
L-5836,2026-07-08,Kendall,Dunmore,kendall.dunmore@highlandmarket.example,"Director, Trust & Safety",trust_and_safety,Highland Market,ACC-1011,marketplace,,1451,,Paid Social,,identity,False,competitor_renewal_window@2026-07-12|check_fraud_content_download@2026-07-11,Disqualified,,,,,,,No Fraud/IDV Use Case,Marketing Queue
L-5837,2026-09-02,Blake,Brooks,blake.brooks@silverlinelend.example,"Head of Product, Identity",fintech_product,Silverline Lend,ACC-1205,fintech,NA,1792,,Outbound - Sales Nav,,identity,True,qualified_chat_engaged@2026-09-18|pricing_page_visit@2026-09-10|email_reply_positive@2026-09-20,Working,2026-09-05,2026-09-06,30,,,,,SDR - Alex Rivera
L-5838,2026-08-04,Rowan,Ingram,rowan.ingram@oakmontbancshares.example,"Director, KYC Operations",risk_compliance,Oakmont Bancshares,ACC-1226,bank_regional,NA,14752,180.3,Partner Referral,Fiserv,check,True,fraud_leader_job_change@2026-08-23|pricing_page_visit@2026-08-16,Recycled,,,,,,,,Marketing Queue
L-5839,2026-09-21,Drew,Kestrel,drew.kestrel@bayfrontmemberscu.example,"Director, KYC Operations",risk_compliance,Bayfront Members CU,ACC-1225,credit_union,NA,213,6.7,Outbound - Clay,,check,False,qualified_chat_engaged@2026-10-01|fraud_leader_job_change@2026-10-01,New,,,,,,,,Marketing Queue
L-5840,2026-09-06,Cameron,Dunmore,cameron.dunmore@lakeshorefederalcreditunion.example,"Director, Digital Channels",head_of_digital_banking,Lakeshore Federal Credit Union,ACC-1092,credit_union,NA,1635,13.6,Event,,check,False,fraud_team_hiring@2026-09-07,Working,2026-09-09,2026-09-09,4,,,,,SDR - Fran Moretti
L-5841,2026-09-25,Parker,Alder,parker.alder@copperstategaming.example,Chief Risk Officer,risk_compliance,Copper State Gaming,ACC-1064,igaming,NA,3275,,Paid Social,,identity,False,demo_request@2026-10-01,New,,,,,,,,Marketing Queue
L-5842,2026-04-06,Drew,Rourke,drew.rourke@redwoodcommunitybank.example,BSA/AML Officer,risk_compliance,Redwood Community Bank,ACC-1152,bank_community,NA,192,3.0,Qualified Chat,,identity,False,qualified_chat_engaged@2026-04-18,Recycled,2026-04-09,2026-04-09,6,2026-04-24,,,,SDR - Chen Wu
L-5843,2026-06-28,Sage,Thorne,sagethorne@gmail.example,"Director, Trust & Safety",trust_and_safety,Northgate Gaming,ACC-1250,igaming,NA,2887,,Partner Referral,Fiserv,identity,False,check_fraud_content_download@2026-07-08|deepfake_webinar_attended@2026-07-04,Recycled,,,,,,,,Marketing Queue
L-5844,2026-04-09,Riley,Marlow,riley.marlow@cedarvalleysportsbook.example,Chief Risk Officer,risk_compliance,Cedar Valley Sportsbook,ACC-1401,igaming,NA,2965,,Outbound - Clay,,identity,False,check_fraud_content_download@2026-04-10,Disqualified,2026-04-09,2026-04-09,1,,,,Competitor,SDR - Bri Okafor
L-5845,2026-04-07,Reese,Marlow,reese.marlow@silverlinemutual.example,BSA/AML Officer,risk_compliance,Silverline Mutual,ACC-1077,adjacent_regulated,NA,25947,,Outbound - Sales Nav,,identity,False,competitor_renewal_window@2026-04-22,Recycled,2026-04-07,2026-04-07,2,2026-04-13,,,,SDR - Eli Novak
L-5846,2026-09-26,Parker,Pruitt,parker.pruitt@cedarvalleyplay.example,"Director, Trust & Safety",trust_and_safety,Cedar Valley Play,ACC-1417,igaming,LATAM,2012,,Outbound - Clay,,identity,False,demo_request@2026-10-01|demo_request@2026-09-29|competitor_renewal_window@2026-10-01|email_reply_positive@2026-10-01,New,,,,,,,,Marketing Queue
L-5847,2026-05-24,Hayden,Ingram,hayden.ingram@harborviewbanktrust.example,Head of Fraud Prevention,head_of_fraud,Harborview Bank & Trust,ACC-1227,bank_regional,NA,16576,209.7,Outbound - Sales Nav,,identity,False,,Converted,2026-05-24,2026-05-24,3,2026-06-03,2026-06-08,OPP-7064,,SDR - Chen Wu
L-5848,2026-07-01,Quinn,Lowry,quinn.lowry@lakeshorepay.example,"Director, Identity & Access Management",ciso_identity,Lakeshore Pay,ACC-1116,fintech,NA,1694,,Outbound - Clay,,identity,False,email_reply_positive@2026-07-02|competitor_renewal_window@2026-07-18|fraud_leader_job_change@2026-07-21,Recycled,2026-07-02,2026-07-02,2,,,,,SDR - Chen Wu
L-5849,2026-01-29,Cameron,Jessup,cameron.jessup@cedarvalleywallet.example,BSA/AML Officer,risk_compliance,Cedar Valley Wallet,ACC-1408,fintech,NA,1040,,Qualified Chat,,identity,False,qualified_chat_engaged@2026-02-06|check_fraud_content_download@2026-02-18,Converted,2026-01-30,2026-01-30,2,2026-02-04,2026-02-09,OPP-7065,,SDR - Eli Novak
L-5850,2026-02-17,Jamie,Jessup,jamie.jessup@clearwaterneo.example,CISO,ciso_identity,Clearwater Neo,ACC-1314,fintech,NA,516,,Outbound - Sales Nav,,identity,True,fraud_team_hiring@2026-02-23,Recycled,2026-02-18,2026-02-18,1,2026-03-05,,,,SDR - Alex Rivera
L-5851,2026-01-11,Skyler,Garrow,skyler.garrow@cedarvalleyexchange.example,"Group PM, Account Opening",fintech_product,Cedar Valley Exchange,ACC-1243,marketplace,NA,3216,,Partner Referral,Fiserv,identity,False,qualified_chat_engaged@2026-01-30|fraud_team_hiring@2026-01-18|demo_request@2026-01-19,Recycled,,,,,,,,Marketing Queue
L-5852,2026-05-21,Avery,Brooks,avery.brooks@unionsquarecreditunion.example,"Director, Fraud Risk",head_of_fraud,Union Square Credit Union,ACC-1424,credit_union,NA,2174,7.3,Content Download,,check,False,deepfake_webinar_attended@2026-05-30,Disqualified,,,,,,,No Fraud/IDV Use Case,Marketing Queue
L-5853,2026-08-10,Blake,Garrow,blake.garrow@summitridgecreditunion.example,SVP Digital Banking,head_of_digital_banking,Summit Ridge Credit Union,ACC-1146,credit_union,NA,1133,8.3,Event,,check,False,check_fraud_content_download@2026-08-18|check_fraud_content_download@2026-08-21|check_fraud_content_download@2026-08-18|fraud_team_hiring@2026-08-11,Working,2026-08-11,2026-08-12,30,,,,,SDR - Fran Moretti
L-5854,2026-05-08,Sage,Ingram,sage.ingram@highlandwallet.example,"Director, KYC Operations",risk_compliance,Highland Wallet,ACC-1351,fintech,NA,2340,,Demo Request,,identity,True,demo_request@2026-05-24,Recycled,,,,,,,,Marketing Queue
L-5855,2026-03-25,Logan,Ellery,logan.ellery@evergreenbet.example,"VP Product, Onboarding",fintech_product,Evergreen Bet,ACC-1270,igaming,NA,229,,Qualified Chat,,identity,False,qualified_chat_engaged@2026-04-09,Disqualified,,,,,,,No Fraud/IDV Use Case,Marketing Queue
L-5856,2026-07-19,Casey,Garrow,casey.garrow@harborviewmemberscu.example,SVP Digital Banking,head_of_digital_banking,Harborview Members CU,ACC-1414,credit_union,NA,1930,14.2,Paid Social,,identity,True,,Recycled,2026-07-20,2026-07-20,4,,,,,SDR - Fran Moretti
L-5857,2026-09-17,Taylor,Fairbanks,taylor.fairbanks@stonebridgebank.example,Vendor Risk Manager,procurement_it,Stonebridge Bank,ACC-1337,bank_regional,NA,2722,229.2,Qualified Chat,,check,True,qualified_chat_engaged@2026-10-01,New,,,,,,,,Marketing Queue
L-5858,2026-03-08,Morgan,Quill,morgan.quill@summitridgeneo.example,"VP, Fraud Strategy",head_of_fraud,Summit Ridge Neo,ACC-1085,fintech,NA,527,,Qualified Chat,,identity,False,qualified_chat_engaged@2026-03-13|deepfake_webinar_attended@2026-03-13|demo_request@2026-03-08,Disqualified,2026-03-08,2026-03-10,50,,,,Bad Data,SDR - Eli Novak
L-5859,2026-04-11,Jordan,Hollis,jordan.hollis@unionsquarestudio.example,Marketing Coordinator,unknown,Union Square Studio,ACC-1042,other,NA,156,,Event,,identity,False,qualified_chat_engaged@2026-04-20,Disqualified,,,,,,,,Marketing Queue
L-5860,2026-01-29,Casey,Garrow,casey.garrow@pinecrestmutual.example,Vendor Risk Manager,procurement_it,Pinecrest Mutual,ACC-1301,adjacent_regulated,NA,25331,,Outbound - Sales Nav,,identity,False,email_reply_positive@2026-02-18,Recycled,,,,,,,,Marketing Queue
L-5861,2026-04-16,Avery,Lowry,avery.lowry@northgatestatebank.example,SVP Digital Banking,head_of_digital_banking,Northgate State Bank,ACC-1017,bank_community,NA,1060,1.2,Qualified Chat,,identity,True,qualified_chat_engaged@2026-04-21,Recycled,,,,,,,,Marketing Queue
L-5862,2026-01-28,Drew,Calloway,drew.calloway@crescentpay.example,"VP Product, Onboarding",fintech_product,Crescent Pay,ACC-1169,fintech,EMEA,1935,,Outbound - Clay,,identity,False,fraud_team_hiring@2026-02-10,Recycled,2026-01-30,2026-01-30,6,,,,,SDR - Chen Wu
L-5863,2026-06-19,Parker,Brooks,,CISO,ciso_identity,Harborview Wallet,ACC-1000,fintech,NA,601,,Demo Request,,identity,False,demo_request@2026-07-08,Disqualified,,,,,,,No Fraud/IDV Use Case,Marketing Queue
L-5864,2026-03-18,Rowan,Thorne,,Enterprise Architect,procurement_it,Silverline Agency,ACC-1150,other,NA,252,,Outbound - Clay,,identity,False,fraud_team_hiring@2026-03-23,Disqualified,,,,,,,Student/Job Seeker,Marketing Queue
L-5865,2026-03-06,Morgan,Lowry,morgan.lowry@lakeshorebancshares.example,Vendor Risk Manager,procurement_it,Lakeshore Bancshares,ACC-1325,bank_regional,NA,17175,136.1,Outbound - Sales Nav,,identity,True,competitor_renewal_window@2026-03-25,Disqualified,2026-03-09,2026-03-09,2,,,,Not ICP,SDR - Bri Okafor
L-5866,2026-03-13,Rowan,Alder,rowan.alder@highlandmarket.example,Head of Trust & Safety,trust_and_safety,Highland Market,ACC-1011,marketplace,NA,1451,,Outbound - Clay,,identity,False,fraud_leader_job_change@2026-03-27|email_reply_positive@2026-03-31|email_reply_positive@2026-03-18,Disqualified,,,,,,,Competitor,Marketing Queue
L-5867,2026-07-08,Parker,Orwell,parker.orwell@copperstatemoney.example,CISO,ciso_identity,Copper State Money,ACC-1037,fintech,NA,1053,,Event,,identity,False,qualified_chat_engaged@2026-07-22,Recycled,,,,,,,,Marketing Queue
L-5868,2026-02-23,Morgan,Thorne,morgan.thorne@cedarvalleysportsbook.example,"Director, KYC Operations",risk_compliance,Cedar Valley Sportsbook,ACC-1401,igaming,NA,2965,,Partner Referral,FICO Marketplace,identity,False,,Recycled,2026-02-25,2026-02-25,3,2026-03-08,,,,SDR - Alex Rivera
L-5869,2026-05-20,Blake,Lowry,blake.lowry@mapleleafneo.example,"Group PM, Account Opening",fintech_product,Maple Leaf Neo,ACC-1230,fintech,NA,1461,,Event,,identity,False,pricing_page_visit@2026-05-23,Recycled,,,,,,,,Marketing Queue
L-5870,2026-03-18,Morgan,Marlow,morgan.marlow@copperstategaming.example,BSA/AML Officer,risk_compliance,Copper State Gaming,ACC-1064,igaming,NA,3275,,Webinar,,identity,False,fraud_leader_job_change@2026-04-02|demo_request@2026-04-05|demo_request@2026-03-19,Recycled,2026-03-20,2026-03-20,1,,,,,SDR - Dana Lopes
L-5871,2026-06-21,Morgan,Pruitt,morgan.pruitt@oakmontsavingsbank.example,"Director, Fraud Risk",head_of_fraud,Oakmont Savings Bank,ACC-1090,bank_community,NA,1156,1.1,Paid Social,,check,True,,Recycled,2026-06-23,2026-06-24,30,2026-06-28,,,,SDR - Chen Wu
L-5872,2026-02-07,Riley,Sutter,,"Head of Product, Identity",fintech_product,Copper State Rentals,ACC-1003,marketplace,NA,2328,,Qualified Chat,,identity,False,qualified_chat_engaged@2026-02-27|demo_request@2026-02-09,Recycled,2026-02-10,2026-02-10,2,,,,,SDR - Alex Rivera
L-5873,2026-07-09,Hayden,Sutter,,"Group PM, Account Opening",fintech_product,Redwood Wallet,ACC-1382,fintech,NA,2980,,Content Download,,identity,False,competitor_renewal_window@2026-07-10|pricing_page_visit@2026-07-15|demo_request@2026-07-10|competitor_renewal_window@2026-07-11,Recycled,,,,,,,,Marketing Queue
L-5874,2026-06-13,Sage,Orwell,sage.orwell@keystonebancshares.example,IT Procurement Lead,procurement_it,Keystone Bancshares,ACC-1044,bank_regional,APAC,18903,47.8,Partner Referral,CSI,check,False,deepfake_webinar_attended@2026-07-03|pricing_page_visit@2026-07-01,Recycled,,,,,,,,Marketing Queue
L-5875,2026-03-05,Reese,Rourke,reese.rourke@bluemesacreditunion.example,Fraud Analyst,fraud_analyst,Blue Mesa Credit Union,ACC-1142,credit_union,NA,1390,6.3,Outbound - Clay,,check,False,qualified_chat_engaged@2026-03-24|email_reply_positive@2026-03-09|competitor_renewal_window@2026-03-11,Recycled,2026-03-07,2026-03-07,1,2026-03-21,,,,SDR - Fran Moretti
L-5876,2026-09-01,Drew,Quill,drew.quill@falconhub.example,"Director, Trust & Safety",trust_and_safety,Falcon Hub,ACC-1093,marketplace,NA,2931,,Paid Social,,identity,False,fraud_leader_job_change@2026-09-15,Working,2026-09-02,2026-09-02,20,,,,,SDR - Eli Novak
L-5877,2026-08-12,Blake,Hollis,blake.hollis@summitridgemoney.example,"Head of Product, Identity",fintech_product,Summit Ridge Money,ACC-1222,fintech,NA,2484,,Outbound - Sales Nav,,identity,True,,Disqualified,,,,,,,Competitor,Marketing Queue
L-5878,2026-05-01,Skyler,Brooks,skyler.brooks@oakmontsavingsbank.example,BSA/AML Officer,risk_compliance,Oakmont Savings Bank,ACC-1090,bank_community,NA,1156,1.1,Outbound - Clay,,identity,True,check_fraud_content_download@2026-05-13|pricing_page_visit@2026-05-18|demo_request@2026-05-11,Recycled,,,,,,,,Marketing Queue
L-5879,2026-07-10,Logan,Fairbanks,,SVP Digital Banking,head_of_digital_banking,Maple Leaf Federal Credit Union,ACC-1180,credit_union,NA,713,4.0,Outbound - Clay,,check,False,,Recycled,,,,,,,,Marketing Queue
L-5880,2026-06-12,Riley,Orwell,riley.orwell@silverlinefederalcreditunion.example,Senior Fraud Manager,fraud_analyst,Silverline Federal Credit Union,ACC-1021,credit_union,NA,687,6.9,Qualified Chat,,check,False,qualified_chat_engaged@2026-06-19|qualified_chat_engaged@2026-06-14,Disqualified,,,,,,,Not ICP,Marketing Queue
L-5881,2026-07-23,Kendall,Lowry,kendall.lowry@northgateagency.example,Marketing Coordinator,unknown,Northgate Agency,ACC-1360,other,NA,280,,Qualified Chat,,identity,False,qualified_chat_engaged@2026-07-28|demo_request@2026-08-04,Disqualified,,,,,,,Competitor,Marketing Queue
L-5882,2026-03-15,Cameron,Brooks,cameronbrooks@gmail.example,IT Procurement Lead,procurement_it,Union Square Studio,ACC-1042,other,NA,156,,Webinar,,identity,False,fraud_leader_job_change@2026-04-02,Recycled,,,,,,,,Marketing Queue
L-5883,2026-04-08,Riley,Orwell,riley.orwell@prairiefirststudio.example,IT Procurement Lead,procurement_it,Prairie First Studio,ACC-1109,other,NA,40,,Event,,identity,False,check_fraud_content_download@2026-04-22|fraud_leader_job_change@2026-04-09|competitor_renewal_window@2026-04-17|demo_request@2026-04-23,Disqualified,,,,,,,Bad Data,Marketing Queue
L-5884,2026-07-11,Taylor,Jessup,,IT Procurement Lead,procurement_it,Sterling Consulting,ACC-1362,other,NA,343,,Qualified Chat,,identity,False,qualified_chat_engaged@2026-07-12|demo_request@2026-07-23|check_fraud_content_download@2026-07-30,Disqualified,,,,,,,Bad Data,Marketing Queue
L-5885,2026-01-21,Reese,Calloway,reese.calloway@stonebridgefederalcreditunion.example,"Director, Fraud Risk",head_of_fraud,Stonebridge Federal Credit Union,ACC-1178,credit_union,NA,578,1.5,Content Download,,check,True,email_reply_positive@2026-02-09,Disqualified,,,,,,,No Fraud/IDV Use Case,Marketing Queue
L-5886,2026-07-07,Jordan,Lowry,jordan.lowry@keystonegaming.example,"VP Product, Onboarding",fintech_product,Keystone Gaming,ACC-1089,igaming,NA,367,,Event,,identity,False,deepfake_webinar_attended@2026-07-18|fraud_leader_job_change@2026-07-11,Recycled,,,,,,,,Marketing Queue
L-5887,2026-07-27,Jordan,Hollis,jordan.hollis@silverlinecreditunion.example,Head of Deposit Products,head_of_digital_banking,Silverline Credit Union,ACC-1329,credit_union,NA,1218,14.3,Outbound - Clay,,check,True,email_reply_positive@2026-07-28|qualified_chat_engaged@2026-08-13|fraud_team_hiring@2026-08-10|competitor_renewal_window@2026-08-04,Disqualified,,,,,,,Competitor,Marketing Queue
L-5888,2026-07-15,Rowan,Pruitt,rowan.pruitt@copperstatehealth.example,Vendor Risk Manager,procurement_it,Copper State Health,ACC-1157,adjacent_regulated,,15698,,Content Download,,identity,False,,Recycled,,,,,,,,Marketing Queue
L-5889,2026-01-10,Drew,Ellery,drew.ellery@highlandbank.example,"Director, KYC Operations",risk_compliance,Highland Bank,ACC-1324,bank_regional,NA,16953,219.5,Demo Request,,check,False,demo_request@2026-01-20,Recycled,2026-01-12,2026-01-12,3,,,,,SDR - Fran Moretti
L-5890,2026-04-27,Avery,Brooks,avery.brooks@sterlingmemberscu.example,"Director, Fraud Risk",head_of_fraud,Sterling Members CU,ACC-1398,credit_union,NA,2479,6.1,Content Download,,identity,False,qualified_chat_engaged@2026-04-29,Recycled,,,,,,,,Marketing Queue
L-5891,2026-09-23,Morgan,Marlow,morgan.marlow@summitridgememberscu.example,Fraud Operations Lead,fraud_analyst,Summit Ridge Members CU,ACC-1391,credit_union,,78,10.6,Paid Social,,check,True,pricing_page_visit@2026-09-26,New,,,,,,,,Marketing Queue
L-5892,2026-06-25,Quinn,Sutter,quinn.sutter@copperstatememberscu.example,Fraud Analyst,fraud_analyst,Copper State Members CU,ACC-1171,credit_union,NA,1064,7.0,Partner Referral,FICO Marketplace,identity,True,pricing_page_visit@2026-06-27,Recycled,2026-06-25,2026-06-25,4,,,,,SDR - Alex Rivera
L-5893,2026-08-27,Drew,Orwell,drew.orwell@tidewaterlend.example,"VP, Fraud Strategy",head_of_fraud,Tidewater Lend,ACC-1355,fintech,NA,1292,,Event,,identity,False,pricing_page_visit@2026-08-29,Recycled,,,,,,,,Marketing Queue
L-5894,2026-03-28,Hayden,Fairbanks,hayden.fairbanks@stonebridgeneo.example,"Director, KYC Operations",risk_compliance,Stonebridge Neo,ACC-1046,fintech,NA,365,,Content Download,,identity,False,email_reply_positive@2026-03-28|pricing_page_visit@2026-04-03,Recycled,,,,,,,,Marketing Queue
L-5895,2026-09-29,Riley,Dunmore,riley.dunmore@bayfrontbanktrust.example,"Director, Fraud Risk",head_of_fraud,Bayfront Bank & Trust,ACC-1402,bank_regional,NA,4498,11.2,Outbound - Sales Nav,,identity,True,fraud_leader_job_change@2026-10-01|qualified_chat_engaged@2026-10-01,New,,,,,,,,Marketing Queue
L-5896,2026-06-14,Blake,Quill,blake.quill@riverbendstudio.example,Enterprise Architect,procurement_it,Riverbend Studio,ACC-1041,other,NA,361,,Outbound - Sales Nav,,identity,False,competitor_renewal_window@2026-06-19|qualified_chat_engaged@2026-06-26,Recycled,,,,,,,,Marketing Queue
L-5897,2026-02-08,Sage,Ingram,sage.ingram@lakeshorebank.example,Head of Deposit Products,head_of_digital_banking,Lakeshore Bank,ACC-1309,bank_regional,NA,18366,122.0,Partner Referral,Data Advisor,check,False,pricing_page_visit@2026-02-24|competitor_renewal_window@2026-02-13,Disqualified,,,,,,,Not ICP,Marketing Queue
L-5898,2026-02-01,Jamie,Ellery,jamie.ellery@bayfronthub.example,Head of Trust & Safety,trust_and_safety,Bayfront Hub,ACC-1083,marketplace,NA,1258,,Webinar,,identity,False,check_fraud_content_download@2026-02-18|pricing_page_visit@2026-02-21,Disqualified,2026-02-03,2026-02-03,6,,,,Bad Data,SDR - Fran Moretti
L-5899,2026-02-07,Jordan,Garrow,jordan.garrow@unionsquarestatebank.example,SVP Digital Banking,head_of_digital_banking,Union Square State Bank,ACC-1440,bank_community,NA,1254,7.0,Outbound - Clay,,check,False,fraud_leader_job_change@2026-02-25|deepfake_webinar_attended@2026-02-07|pricing_page_visit@2026-02-27|demo_request@2026-02-11,Disqualified,2026-02-08,2026-02-08,3,,,,Student/Job Seeker,SDR - Fran Moretti
L-9900,2026-06-14,Blake,Quill,blake.quill@riverbendstudio.example,Enterprise Architect,procurement_it,Riverbend Studio,ACC-1041,other,NA,361,,Outbound - Sales Nav,,identity,False,competitor_renewal_window@2026-06-19|qualified_chat_engaged@2026-06-26,New,,,,,,,,Marketing Queue
L-9901,2026-05-24,Morgan,Fairbanks,morgan.fairbanks@keystonerentals.example,Senior Fraud Manager,fraud_analyst,Keystone Rentals,ACC-1413,marketplace,NA,2346,,Paid Social,,identity,False,email_reply_positive@2026-06-01|fraud_team_hiring@2026-05-30,New,,,,,,,,Marketing Queue
L-9902,2026-02-13,Hayden,Dunmore,hayden.dunmore@sterlingbancshares.example,Vendor Risk Manager,procurement_it,Sterling Bancshares,ACC-1024,bank_regional,APAC,12121,127.3,Qualified Chat,,identity,True,qualified_chat_engaged@2026-02-26,New,,,,,,,,Marketing Queue
L-9903,2026-03-19,Casey,Dunmore,casey.dunmore@silverlineagency.example,Office Manager,unknown,Silverline Agency,ACC-1150,other,NA,252,,Partner Referral,Data Advisor,identity,False,deepfake_webinar_attended@2026-03-20,New,,,,,,,Not ICP,Marketing Queue
L-9904,2026-09-27,Skyler,Orwell,skyler.orwell@lakeshorebancshares.example,"Director, Fraud Risk",head_of_fraud,Lakeshore Bancshares,ACC-1325,bank_regional,NA,17175,136.1,Webinar,,identity,True,qualified_chat_engaged@2026-10-01|email_reply_positive@2026-09-29,New,,,,,,,,Marketing Queue
L-9905,2026-06-23,Casey,Sutter,casey.sutter@arborexchange.example,Fraud Analyst,fraud_analyst,Arbor Exchange,ACC-1279,marketplace,NA,3613,,Paid Social,,identity,False,check_fraud_content_download@2026-07-11,New,,,,,,,,Marketing Queue
